sequenceId,Coda1,Ornamentation1,Duration1,Coda2,Ornamentation2,Duration2
0,98,0,-0.011745560592064214,1,0,0.18654092020969096
0,98,0,-0.010308560079181147,1,0,0.521249767207561
0,98,0,-0.05846053243943448,3,0,0.6895397103760084
0,5,0,0.27930680296239857,3,0,0.9200567683800701
0,5,0,0.4186703447577585,3,0,1.020462025582671
0,5,0,0.4161987781034321,98,0,1.0920624671760126
0,98,0,0.3675225244975727,5,0,1.2780706645407454
0,98,0,0.3301665500371199,5,0,1.3237777760399803
0,98,0,0.2993232815651134,5,0,1.3402015029771923
0,98,0,0.27612192570941,5,0,1.3562771439645738
0,98,0,0.2850025939114228,5,0,1.357994731803976
0,98,0,0.24877664384308312,5,0,1.3898762429480551
0,98,0,0.21986993548705283,5,0,1.3900600471824334
0,98,0,0.22489025316049757,5,0,1.380503295951143
0,98,0,0.2644071382153541,5,0,1.366268904176645
0,98,0,0.2002181797425807,5,0,1.425243226981081
0,98,0,0.24955748289782037,5,0,1.3916302878256812
0,98,0,0.27478746025325956,5,0,1.4119426529850363
0,98,0,0.33233604715621323,5,0,1.3715516865456774
0,98,0,0.3951153373137418,5,0,1.3529411561845168
0,98,0,0.46919631820608526,5,0,1.3011547210397496
0,5,0,0.5870476591217615,5,0,1.2205028070118575
0,5,0,0.6391218175693363,5,0,1.1979605426086783
0,5,0,0.7098031794602735,5,0,1.1433695597811713
0,5,0,0.6738892850868333,5,0,1.1898777134258225
0,5,0,0.6881922649991311,5,0,1.1528218345927372
0,5,0,0.7695696924251437,5,0,1.0759055292438269
0,5,0,0.8601795839456705,5,0,0.9921698448777869
0,5,0,0.920488219570543,5,0,0.9362998698215763
0,5,0,0.9639491659065731,5,0,0.888389048509525
0,5,0,1.0052387122489905,5,0,0.8400362137394417
0,5,0,1.029432236314703,5,0,0.8097433124098758
0,5,0,1.0443217419134885,5,0,0.7907400531053189
1,98,0,-0.043000636271984825,1,0,0.16501613348595057
1,98,0,0.09926014992549871,1,0,0.36190928849923615
1,98,0,0.1044510658037648,1,0,0.4745127303132899
1,98,0,0.03323537360261236,1,0,0.547722682631176
1,98,0,0.10516541433398281,3,0,0.6021133486614674
1,5,0,0.5457405937527794,98,0,0.6861600430696383
1,5,0,1.0822125027449916,98,0,0.5313091389098875
1,5,0,1.4388957633231192,98,0,0.28222095424550775
1,5,0,1.4163313829180135,98,0,0.3436398677410856
1,5,0,1.4126053973472252,98,0,0.33900836110427235
1,5,0,1.3774655640209377,98,0,0.3844887975926995
1,5,0,1.384647672957985,98,0,0.3901585421668291
1,5,0,1.3615977607520262,98,0,0.4258826982788108
1,5,0,1.3618895767815862,98,0,0.4374635183922872
1,5,0,1.3412215916864911,98,0,0.44776555725529044
1,5,0,1.349775217090987,98,0,0.4359068366166502
1,5,0,1.3316342493572797,98,0,0.4525337215245813
1,5,0,1.310859766194057,98,0,0.4849909500639438
1,5,0,1.2986916227773804,98,0,0.520846967569964
1,5,0,1.2764899522723485,98,0,0.5599427386525199
1,5,0,1.271440257990625,98,0,0.5615303920323885
1,5,0,1.254015903365076,98,0,0.5663687839219924
1,5,0,1.221527733544296,98,0,0.6141339317985177
1,5,0,1.276654700317491,98,0,0.5472017492497359
1,5,0,1.2816283425233925,98,0,0.5155579543105252
1,5,0,1.2061976731787458,98,0,0.5921237826229929
1,5,0,1.2062015418327268,98,0,0.5967575537594799
1,5,0,1.1800378349591218,98,0,0.6313367028843164
5,98,0,-0.03808713119138176,1,0,0.44416311803537606
5,98,0,0.11447094251953666,1,0,0.3794367972773611
5,98,0,-0.040506958530271,1,0,0.5290697737761233
5,98,0,-0.001437075998814357,1,0,0.6562353268826585
5,98,0,0.0006860916299209467,1,0,0.7279087036502706
5,98,0,0.07225203855247651,3,0,0.7875821590822022
5,5,0,0.4102469954897616,98,0,0.927614965029845
5,5,0,0.4483401844271332,98,0,1.1148282559817582
5,5,0,0.6014512240375657,98,0,1.0616503772114514
5,5,0,0.6832634582911966,98,0,1.0547665232470929
5,5,0,0.6816384978092848,98,0,1.0646561137347594
5,5,0,0.6627783221385296,98,0,1.097725404185906
5,5,0,0.6564878121342206,98,0,1.1128128794026673
5,5,0,0.5965799596260398,5,0,1.1650594158724248
5,5,0,0.5754275750190619,5,0,1.1820465390762611
5,5,0,0.5085933064400017,5,0,1.2461613605311066
5,5,0,0.5095422275018491,5,0,1.2154430989584997
5,98,0,0.4443565716631863,5,0,1.289975800390087
5,98,0,0.4307262028515715,5,0,1.2863053980495334
5,98,0,0.33205778714182266,5,0,1.3900850832657814
5,98,0,0.36722014043762574,5,0,1.34032387035086
5,98,0,0.3309333927420885,5,0,1.4117686381405516
5,98,0,0.3636612618473344,5,0,1.379820514136508
8,98,0,0.04592996848542099,5,0,0.5197743401810825
8,98,0,0.0539557585150436,5,0,1.1307940195067152
8,5,0,0.5130750634458292,5,0,1.0139792552996352
8,98,0,0.4283196170031376,5,0,1.2653131203794776
8,5,0,0.6761756753158489,5,0,1.1237854352125078
8,5,0,0.532349389533617,5,0,1.2347519391320572
8,98,0,0.4163489636543211,5,0,1.3147256847359539
8,98,0,0.37573926248100625,5,0,1.3453457711053192
8,98,0,0.30673537097296716,5,0,1.374837602159038
8,98,0,0.2803087528910101,5,0,1.3813566606977135
8,98,0,0.22403940090444538,5,0,1.4152240677294805
8,98,0,0.28023200886081756,5,0,1.3759255746978818
8,98,0,0.2592046478276164,5,0,1.3948756956187933
8,98,0,0.2570656281533003,5,0,1.3986618265513628
8,98,0,0.27031227681395265,5,0,1.3997153111821339
8,98,0,0.2469385614150301,5,0,1.4046775191625878
8,98,0,0.24265863491811457,5,0,1.4074758218897059
8,98,0,0.2466235334615842,5,0,1.3956113063823357
8,98,0,0.2507571430615917,5,0,1.3935692621549143
8,98,0,0.29338354524798543,5,0,1.3692188861862495
8,98,0,0.3858869305880372,5,0,1.3053464927834197
8,98,0,0.41450606899814535,5,0,1.3149438643566818
8,98,0,0.35626071549648086,5,0,1.3848533857589513
8,98,0,0.358152141316012,5,0,1.3797241955416948
8,98,0,0.354568320915908,5,0,1.404415849895954
8,5,0,0.6227432890699882,5,0,1.172248428749323
8,5,0,0.7303487987154241,5,0,1.0910656372327283
8,5,0,0.8146595622544809,5,0,1.0233997427244783
9,5,0,0.5328227806805134,98,0,0.08466077045879516
9,5,0,1.2312117922230328,98,0,0.05747524089875821
9,5,0,1.2440170998051356,98,0,0.43407982140171525
9,5,0,1.2445331719557087,98,0,0.501016518884629
9,5,0,1.2691026474119502,98,0,0.5121792926670536
9,5,0,1.247742204706725,5,0,0.5575730311679765
9,5,0,1.2985193890440467,98,0,0.5138907480725571
9,5,0,1.2818237252756695,98,0,0.532496805695232
9,5,0,1.2646843300409172,5,0,0.5484094027061127
9,5,0,1.319466105940603,98,0,0.4956525520925149
9,5,0,1.3572905964148867,98,0,0.4000333360479325
9,5,0,1.4000720907377064,98,0,0.2976927474068776
9,5,0,1.4134439202344924,98,0,0.23287353996659818
9,5,0,1.329477930823699,98,0,0.36666327503144
9,5,0,1.4170552929995341,98,0,0.22219759141835574
9,5,0,1.4087578794269844,98,0,0.2258404259367958
9,5,0,1.3953464198162466,98,0,0.26212575601137433
9,5,0,1.4168713589468434,98,0,0.21131477168253812
9,5,0,1.3727754972970918,98,0,0.31151064002401385
9,5,0,1.3804750622934534,98,0,0.3017986088151038
9,5,0,1.3720035278392866,98,0,0.29958390000387286
9,5,0,1.35209785629328,98,0,0.3381375554906503
9,5,0,1.3187004898820187,98,0,0.38949984000089766
9,5,0,1.3348244735304047,98,0,0.3626215510052741
9,5,0,1.290824667728279,98,0,0.4236614913380816
10,5,0,0.476716855735293,98,0,0.14566774192678933
10,98,0,-0.012277358978332532,3,0,0.9256135411443952
10,98,0,0.0303023677405179,3,0,1.2559626214662865
10,98,0,0.06638917207542662,3,0,1.2584606599758117
10,98,0,0.10253699420483266,3,0,1.2640742562102079
10,98,0,0.08119183740070318,3,0,1.2694894203862472
10,98,0,0.041783777896857305,3,0,1.2863994662098883
10,98,0,0.04951819223151956,3,0,1.3185299316659123
10,98,0,0.054305635806790035,3,0,1.3067032234574407
10,98,0,0.062375207676588044,3,0,1.312244243180558
10,98,0,0.04764526046516602,5,0,1.3256566075083165
10,98,0,0.04090788947357838,5,0,1.411110386061512
10,98,0,0.02402734807836865,5,0,1.4503004081522226
10,98,0,0.028310545632308767,5,0,1.4441684806012287
10,98,0,0.012867633799409913,5,0,1.4490716146771534
10,98,0,0.021162027934706257,5,0,1.445685385947816
10,98,0,0.01160173473089044,5,0,1.4599054312026425
10,98,0,0.060769118677510364,5,0,1.4621319547947793
10,98,0,0.08310804776768986,5,0,1.4615290071425513
10,98,0,0.04104149957204466,5,0,1.5019016325410752
10,98,0,0.08694122336097662,5,0,1.4764627214249522
10,98,0,0.10505180800732081,5,0,1.4483363414787798
10,98,0,0.1431479220245317,5,0,1.445166041935712
10,98,0,0.11902060541109596,5,0,1.4757976055208146
10,98,0,0.2613878896767073,5,0,1.3954163624973892
10,5,0,0.42772098211516474,5,0,1.2998591459221318
10,5,0,0.6351351381894288,5,0,1.1477583008008003
10,5,0,0.7621087573292208,5,0,1.056739029049754
10,5,0,0.8603160876715047,5,0,0.9816319745487738
10,5,0,0.9296375076044652,5,0,0.9235423819211702
10,5,0,0.9792950468652326,5,0,0.876063756546827
10,5,0,1.0011190675462804,5,0,0.8516516764783598
10,5,0,1.0079114489103298,5,0,0.8415351578060091
10,5,0,1.0079253509026844,5,0,0.8392182230095118
10,5,0,1.001801963605108,5,0,0.8442266774180829
10,5,0,0.9999660828500524,5,0,0.8443522657260689
10,5,0,0.9944980077938944,5,0,0.8498018896797503
10,5,0,0.9860735262369275,5,0,0.8593660110838915
10,5,0,0.9748054110153218,5,0,0.8726527167775873
10,5,0,0.9631137096352664,5,0,0.8865203861918971
10,5,0,0.9527761472322162,5,0,0.8986860238949973
10,5,0,0.9422799228372373,5,0,0.9111147233210523
10,5,0,0.9326041518847117,5,0,0.9226931523479167
10,5,0,0.9243109529433282,5,0,0.9325013614994865
10,5,0,0.917412592476929,5,0,0.9396923153761048
10,5,0,0.9149646623548524,5,0,0.9417709854243341
10,5,0,0.9153464010001173,5,0,0.9405527971216495
11,1,0,0.16638286911967998,5,0,0.34645201064012204
11,1,0,0.27315998357363647,98,0,0.0014296334982961834
11,1,0,0.3343963727471106,98,0,0.08438121023821835
11,1,0,0.37494851589778105,98,0,0.07941219469352816
11,1,0,0.4619417427749544,98,0,0.128419905890964
11,1,0,0.6638260825917212,98,0,0.1480137635886595
11,1,0,0.8556236148335974,98,0,0.3408303128416762
11,5,0,0.993565756541884,98,0,0.5610037763039414
11,5,0,1.2555755056114386,98,0,0.5044601618230827
11,5,0,1.2121690506820924,98,0,0.5484811071740389
11,5,0,1.1512926664961525,98,0,0.664193214757435
11,5,0,1.1553460722941145,98,0,0.6594494466041931
11,5,0,1.1210454538094647,5,0,0.7174077052833344
11,5,0,0.9764683818089089,5,0,0.8680810857625789
11,5,0,0.8544184976660398,5,0,1.019320999051474
11,5,0,0.5749992867161393,5,0,1.2561710679579823
11,5,0,0.4017488522447985,5,0,1.374210518597245
11,98,0,0.29049734066331984,5,0,1.4244807235257626
11,98,0,0.23457541267573315,5,0,1.4361563150603622
11,98,0,0.2544599796134368,5,0,1.4271210457539112
11,98,0,0.23516074316830787,5,0,1.4452280976658984
11,98,0,0.22538298757729908,5,0,1.4412076965062246
14,3,0,0.8872278758508939,98,0,0.22259057353562864
14,5,0,1.2018943460431157,98,0,0.2797394564292506
14,5,0,1.2670950990680458,98,0,0.4553095199071169
14,5,0,1.3108358623158003,98,0,0.42318355532000956
14,5,0,1.3070621318934414,98,0,0.44044950735322386
14,5,0,1.3525754935238141,98,0,0.3619048438911811
14,5,0,1.377080711581005,98,0,0.3111237340797782
14,5,0,1.3681615770064819,98,0,0.3207878310347274
14,5,0,1.3761178885268033,98,0,0.3173642450933829
14,5,0,1.3726192414192244,98,0,0.3186400163877681
14,5,0,1.3613933196879888,98,0,0.3387092221039087
14,5,0,1.3643180220976363,98,0,0.3435279086267874
14,5,0,1.3507137588372755,98,0,0.3727800684107021
14,5,0,1.3140872300933082,98,0,0.4452913170901611
14,5,0,1.3178637283331494,98,0,0.4337797822275683
14,5,0,1.3089222939564105,98,0,0.45054709424569456
14,5,0,1.218836156852594,98,0,0.5587093880476728
14,5,0,1.2252807053355372,98,0,0.5726049487840495
14,5,0,1.1735423334725261,5,0,0.6446230710128433
14,5,0,1.1717108875159363,5,0,0.6651692774102343
14,5,0,1.1761312178451384,5,0,0.6799075062968973
14,5,0,1.0996928113171442,5,0,0.7404150782281738
14,5,0,1.0301282480541005,5,0,0.7951087793234847
14,5,0,1.005345336127004,5,0,0.83169163089866
18,98,0,-0.04084450645323242,1,0,0.1344157946789563
18,98,0,-0.01834126965250964,1,0,0.4497518188385777
18,98,0,-0.05966226846631761,1,0,0.5916971565105691
18,98,0,-0.05972617988818283,3,0,0.6742639722515987
18,98,0,0.196568309152557,3,0,0.9760857788264025
18,5,0,0.39781389645409254,3,0,1.002501589475639
18,5,0,0.41911316410246346,98,0,1.1025965820925234
18,5,0,0.41684805147034343,5,0,1.2102483648376465
18,5,0,0.4725494032760694,5,0,1.2237693126280158
18,98,0,0.4452449781700786,5,0,1.2640667735156341
18,98,0,0.464439509337949,5,0,1.2627901583083272
18,98,0,0.4012703343450655,5,0,1.3219442345651164
18,98,0,0.4023062214903072,5,0,1.3161629809635802
18,98,0,0.3737792388213728,5,0,1.3330415207048059
18,98,0,0.399625024114164,5,0,1.3136597101939396
18,98,0,0.35617261712411646,5,0,1.3777476389570087
18,98,0,0.3352547421438251,5,0,1.3829912637664674
18,98,0,0.3486738447051108,5,0,1.3591411031170115
18,98,0,0.30557188115129474,5,0,1.3909679849646166
18,98,0,0.2873708391972319,5,0,1.3883193361289725
18,98,0,0.29884545561975095,5,0,1.3778222408593
18,98,0,0.2989379258856386,5,0,1.382539038962081
18,98,0,0.4438554394365236,5,0,1.2997885948018655
18,5,0,0.4932454754281159,5,0,1.279991691655174
18,5,0,0.6314632665956675,5,0,1.1654799658118113
18,5,0,0.5740273424452342,5,0,1.233230757959999
18,5,0,0.6683229525100518,5,0,1.156245701838389
18,5,0,0.7497866226126169,5,0,1.0857330077404455
18,5,0,0.8467959440458774,5,0,1.000925047615908
18,5,0,0.9162375753244919,5,0,0.9372073012560066
18,5,0,0.9668875186888038,5,0,0.8836395487810224
18,5,0,1.0090022206181477,5,0,0.8347544159354847
18,5,0,1.034765506078482,5,0,0.8028656752707083
18,5,0,1.0527293963982616,5,0,0.7808187736874371
18,5,0,1.064486927800937,5,0,0.7656611200786168
18,5,0,1.0691284004564847,5,0,0.7588369448230481
18,5,0,1.0720094468358423,5,0,0.7541891787972739
18,5,0,1.0731365776005874,5,0,0.7524642067198054
18,5,0,1.0721572419989056,5,0,0.7529271632835147
18,5,0,1.0693835743568747,5,0,0.7563196369684739
18,5,0,1.0646674335342463,5,0,0.7620229481790699
18,5,0,1.0595604957545925,5,0,0.7681900458010816
18,5,0,1.0546819972746468,5,0,0.7742077567707114
18,5,0,1.048860553702418,5,0,0.7810656322822924
18,5,0,1.0442471995562932,5,0,0.7865273804516177
18,5,0,1.0410075950030855,5,0,0.7902469266546536
18,5,0,1.0388753376101185,5,0,0.7922148471971061
18,5,0,1.039494102079781,5,0,0.7908565974798258
18,5,0,1.0382964548741787,5,0,0.791226414187394
18,5,0,1.04053219089802,5,0,0.7887673503896426
18,5,0,1.0400296747626163,5,0,0.7881369474370237
18,5,0,1.0421522133419236,5,0,0.7851261755666155
18,5,0,1.0434507915282178,5,0,0.7830971135329753
18,5,0,1.044264750035329,5,0,0.7820565829655547
18,5,0,1.0446700780341367,5,0,0.7816712382602244
18,5,0,1.0449015367710985,5,0,0.7815788297952823
18,5,0,1.0453197288307048,5,0,0.7813098466166593
18,5,0,1.0456924406166805,5,0,0.7810030842695683
18,5,0,1.0461726569498688,5,0,0.7805264985121712
18,5,0,1.0467227606744862,5,0,0.7799050972973853
18,5,0,1.0472804129922375,5,0,0.7792167456574663
18,5,0,1.0479059082907778,5,0,0.7784249865541905
21,98,0,0.41366792354053483,98,0,0.0995111061445177
21,98,0,0.16592819219326083,5,0,0.873269785906041
21,98,0,0.05582969676048164,5,0,1.5029758774297237
21,98,0,0.04743868063307409,5,0,1.4670004884409085
21,98,0,0.05013617038939749,5,0,1.4604451416465938
21,98,0,0.015320171708545135,5,0,1.4715788285636455
21,98,0,0.015046409397563385,5,0,1.4709532640451117
21,98,0,0.016509326746872114,5,0,1.4738449598022476
21,98,0,0.015797368604479778,5,0,1.4833538893013
21,98,0,0.015646396741806016,5,0,1.4894601056386083
21,98,0,0.03303181320777391,5,0,1.4659255684219226
21,98,0,0.02071955456718658,5,0,1.4735830092313065
21,98,0,0.025030304486064657,5,0,1.5026804516462162
21,98,0,0.03498513749100123,5,0,1.4959163770558983
21,98,0,0.01975069263847773,5,0,1.501315056799531
21,98,0,0.02671036969785248,5,0,1.5020039710480644
21,98,0,0.03790329778659944,5,0,1.5011500999537408
21,98,0,0.0400638309513465,5,0,1.5066964644586964
21,98,0,0.04413981962376688,5,0,1.5000470495040268
21,98,0,0.049072951046517536,5,0,1.4978477561688348
21,98,0,0.0742038531170771,5,0,1.5000200442905276
21,98,0,0.10434010148469959,5,0,1.492309268184483
21,98,0,0.1918031339270309,5,0,1.4462589091695024
21,98,0,0.23149300757453445,5,0,1.4316083558028116
21,5,0,0.39939822034296807,5,0,1.341321150381036
21,5,0,0.5258446410204325,5,0,1.2428063565798775
21,5,0,0.7179182551930555,5,0,1.0918231897322386
21,5,0,0.8336444155218274,5,0,0.9989799971136376
21,5,0,0.9159873080096388,5,0,0.9290282097391989
21,5,0,0.9708262645023124,5,0,0.8788366293645669
21,5,0,1.000626333129479,5,0,0.8466431517437119
21,5,0,1.012888771055384,5,0,0.8312028365343269
21,5,0,1.0173193548902593,5,0,0.8250237764466479
21,5,0,1.0151107308967564,5,0,0.8269142117176596
21,5,0,1.0091686041918029,5,0,0.8329157547222282
21,5,0,1.0024510168047196,5,0,0.8401738418717793
21,5,0,0.993049621486368,5,0,0.8507187166780438
21,5,0,0.9831726962530654,5,0,0.8625136093693617
21,5,0,0.9712907074210982,5,0,0.8765832974719461
21,5,0,0.9586011606599477,5,0,0.8915433699679393
21,5,0,0.9459907011381083,5,0,0.9064809662497807
21,5,0,0.934761366813727,5,0,0.9199153848352302
21,5,0,0.924509748288751,5,0,0.9318424342901092
21,5,0,0.9160912741538196,5,0,0.9412824723643083
21,5,0,0.9106134173790592,5,0,0.9465669144287537
21,5,0,0.9088146505402441,5,0,0.9477052966994625
21,5,0,0.9127130271067232,5,0,0.9425097186656873
21,5,0,0.9234016619954327,5,0,0.9298413479698281
21,5,0,0.9379110015725226,5,0,0.9126401240577194
21,5,0,0.9573633643746156,5,0,0.8902823952801171
21,5,0,0.9766285692457001,5,0,0.8680695944816265
21,5,0,0.9930628000718805,5,0,0.8493223080314807
21,5,0,1.0055642767803523,5,0,0.8347424886328559
21,5,0,1.0162142723079588,5,0,0.822287290341055
21,5,0,1.0254807679765172,5,0,0.8112046742209904
21,5,0,1.0339873719362844,5,0,0.8006081238134782
21,5,0,1.0416907426816844,5,0,0.7905397503733188
21,5,0,1.048813343542861,5,0,0.7811013719945327
21,5,0,1.0547587413048394,5,0,0.7727911364096701
21,5,0,1.0595776373515002,5,0,0.7657002987360134
21,5,0,1.0636985716055374,5,0,0.759579553031234
21,5,0,1.0669544685389254,5,0,0.7545509923973
21,5,0,1.0693613060071303,5,0,0.750630102636327
21,5,0,1.0710516876295342,5,0,0.7476730317581789
21,5,0,1.0720566884478706,5,0,0.745663316428272
21,5,0,1.072400841389824,5,0,0.7445875243659336
21,5,0,1.0721289347746543,5,0,0.7444139103800869
21,5,0,1.0713971301228147,5,0,0.7449538529000915
21,5,0,1.0703179643769398,5,0,0.7460423247540807
21,5,0,1.0689925886850211,5,0,0.7475471832437086
21,5,0,1.0675325964155518,5,0,0.7493183665862558
21,5,0,1.0659650052414558,5,0,0.7513109293860262
21,5,0,1.0643477506150345,5,0,0.7534679497164413
21,5,0,1.0627043275324166,5,0,0.7557377871392919
21,5,0,1.0610684530429322,5,0,0.7580632032606536
21,5,0,1.0595010820361361,5,0,0.7603393348673796
21,5,0,1.058064490405381,5,0,0.7624568319426216
21,5,0,1.0566699821813463,5,0,0.7644954090944556
21,5,0,1.0553424362689017,5,0,0.7664493206824055
21,5,0,1.0540946852763746,5,0,0.7682968992422027
21,5,0,1.052933365675228,5,0,0.7700295720250829
21,5,0,1.0518831991079751,5,0,0.7715802760841902
21,5,0,1.0509617360536516,5,0,0.77294410969197
21,5,0,1.050145827493314,5,0,0.7741558842564485
21,5,0,1.0494381783395021,5,0,0.7752170203643777
21,5,0,1.0488485703108184,5,0,0.7761156188435592
21,5,0,1.0483780413388184,5,0,0.7768473757380917
21,5,0,1.0480094812790661,5,0,0.7774321933277156
21,5,0,1.0477393360022942,5,0,0.7778777090243734
21,5,0,1.0475614408241103,5,0,0.7781919962616842
21,5,0,1.0474654793338984,5,0,0.7783870667335688
21,5,0,1.047441827075413,5,0,0.7784759307642393
21,5,0,1.047479066801539,5,0,0.7784741726123188
21,5,0,1.04756776277086,5,0,0.7783951964280493
21,5,0,1.0476977558351162,5,0,0.7782536300354097
21,5,0,1.0478577231046076,5,0,0.7780647623235005
21,5,0,1.0480421603968408,5,0,0.777837285595417
21,5,0,1.048243770738453,5,0,0.7775802578498534
21,5,0,1.048454628106654,5,0,0.7773050156503934
21,5,0,1.0486675298854955,5,0,0.7770216578216683
21,5,0,1.0488856213221163,5,0,0.7767289325595107
21,5,0,1.0491052539298351,5,0,0.776430102993885
21,5,0,1.0493201686668454,5,0,0.7761335097975023
21,5,0,1.049525018613011,5,0,0.7758475499039348
21,5,0,1.0497161867341216,5,0,0.7755774837037287
21,5,0,1.0498915657145942,5,0,0.7753269962833095
21,5,0,1.0500506837673582,5,0,0.7750977473380901
21,5,0,1.0501927231281571,5,0,0.7748909042809456
21,5,0,1.050317117652506,5,0,0.7747075782638899
21,5,0,1.050423489910748,5,0,0.7745484725476913
21,5,0,1.050513066549268,5,0,0.7744129120020121
21,5,0,1.0505861306403077,5,0,0.7743000245834999
21,5,0,1.0506439717351947,5,0,0.7742086850749254
21,5,0,1.050688005195141,5,0,0.7741372900417373
21,5,0,1.0507191116893462,5,0,0.7740840953972302
21,5,0,1.050738675126551,5,0,0.7740479055980983
21,5,0,1.0507477648907828,5,0,0.7740270187532827
21,5,0,1.050747607628426,5,0,0.7740196767108627
21,5,0,1.0507397130581069,5,0,0.774023938471118
21,5,0,1.050725150563853,5,0,0.7740382005994971
21,5,0,1.050705241149463,5,0,0.7740607893353719
21,5,0,1.0506811171039068,5,0,0.7740900168528985
21,5,0,1.0506537849062685,5,0,0.774124378174033
21,5,0,1.050624345393047,5,0,0.7741625792989619
21,5,0,1.050593553423556,5,0,0.7742031433800719
21,5,0,1.0505621638571083,5,0,0.7742453530913797
21,5,0,1.0505312460777316,5,0,0.7742876049983334
21,5,0,1.0505009573477826,5,0,0.7743293364923186
21,5,0,1.0504719267166893,5,0,0.774369914638644
21,5,0,1.050444594519051,5,0,0.7744084392635263
21,5,0,1.0504189922073393,5,0,0.7744448119104579
21,5,0,1.050395685926039,5,0,0.7744781324056554
21,5,0,1.050374738580093,5,0,0.7745085835969187
21,5,0,1.0503559614546731,5,0,0.7745360107668787
21,5,0,1.0503396376220215,5,0,0.7745602732633817
21,5,0,1.050325829987081,5,0,0.774581103847336
21,5,0,1.0503140982152526,5,0,0.7745986572361104
21,5,0,1.050304725378778,5,0,0.7746133553861658
21,5,0,1.0502972711430587,5,0,0.7746250154497027
21,5,0,1.0502919556753936,5,0,0.7746340453179664
21,5,0,1.0502881184738841,5,0,0.7746406840996183
21,5,0,1.0502860740632436,5,0,0.7746447208164278
21,5,0,1.0502852562989875,5,0,0.7746468587291632
21,5,0,1.0502858538959439,5,0,0.774647238489978
21,5,0,1.0502873321620994,5,0,0.774646042946672
21,5,0,1.0502898483598104,5,0,0.7746434830774758
21,5,0,1.0502928363445927,5,0,0.7746398542519118
21,5,0,1.0502963590213883,5,0,0.7746354659047182
21,5,0,1.0503003220327836,5,0,0.7746303742967564
21,5,0,1.0503044423065357,5,0,0.7746249029279798
21,5,0,1.0503088771050018,5,0,0.774619192450542
21,5,0,1.0503132804509963,5,0,0.7746132287992276
21,5,0,1.0503174950821625,5,0,0.7746073214087746
21,5,0,1.050321709713329,5,0,0.7746015687356907
21,5,0,1.0503256412722528,5,0,0.7745961114321295
21,5,0,1.0503293526638768,5,0,0.7745907807155065
21,5,0,1.0503326866258442,5,0,0.774586012607498
21,5,0,1.0503359262303973,5,0,0.7745814273472894
21,5,0,1.0503385996904655,5,0,0.7745774187609106
21,5,0,1.050341210245591,5,0,0.7745736774136237
21,5,0,1.050343317561174,5,0,0.7745705268053822
21,5,0,1.0503451103520434,5,0,0.7745677840883862
21,5,0,1.0503466200706701,5,0,0.7745654773930665
21,5,0,1.0503477838121116,5,0,0.7745637473715767
21,5,0,1.0503487588387246,5,0,0.7745622001978867
21,5,0,1.0503492306257955,5,0,0.7745612156328111
21,5,0,1.0503497024128663,5,0,0.7745604842416123
21,5,0,1.0503497967702806,5,0,0.774560090415582
21,5,0,1.0503499854851088,5,0,0.7745598231764901
21,5,0,1.050349765317809,5,0,0.7745598653721362
21,5,0,1.0503494822455666,5,0,0.7745600622851513
21,5,0,1.0503492306257955,5,0,0.7745604701763968
21,5,0,1.0503486644813105,5,0,0.7745611312415189
21,5,0,1.0503481612417682,5,0,0.7745616938501335
21,5,0,1.0503475950972831,5,0,0.774562481502194
21,5,0,1.050346934595384,5,0,0.7745632832194697
21,5,0,1.0503464628083132,5,0,0.7745640849367454
21,5,0,1.050345802306414,5,0,0.7745649288496673
21,5,0,1.050345078899572,5,0,0.7745657446321584
21,5,0,1.0503445756600298,5,0,0.7745665744798649
21,5,0,1.0503441353254304,5,0,0.7745673058710638
21,5,0,1.0503435691809453,5,0,0.7745679669361859
21,5,0,1.0503430973938743,5,0,0.7745686983273848
21,5,0,1.0503426885117464,5,0,0.7745693031316455
21,5,0,1.0503422167246754,5,0,0.7745698094793986
21,5,0,1.050341933652433,5,0,0.7745703439575825
21,5,0,1.0503417134851332,5,0,0.774570597131459
21,5,0,1.0503414304128906,5,0,0.7745711034792121
21,5,0,1.0503413360554765,5,0,0.7745713003922272
21,5,0,1.0503411787931196,5,0,0.7745715113704577
21,5,0,1.0503409900782912,5,0,0.774571834870411
21,5,0,1.0503410215307627,5,0,0.7745718770660571
21,5,0,1.0503409271733484,5,0,0.7745720036529954
21,5,0,1.050340895720877,5,0,0.7745720599138569
21,5,0,1.0503409271733484,5,0,0.7745720739790722
21,5,0,1.0503410844357055,5,0,0.7745719192617032
21,5,0,1.0503409900782912,5,0,0.7745720036529954
21,5,0,1.0503410844357055,5,0,0.7745719333269186
21,5,0,1.0503411158881768,5,0,0.7745717786095496
21,5,0,1.050341210245591,5,0,0.7745716942182574
21,5,0,1.0503412731505337,5,0,0.7745715676313192
21,5,0,1.0503413989604193,5,0,0.7745714691748116
21,5,0,1.050341524770305,5,0,0.7745712441313658
21,5,0,1.0503415876752478,5,0,0.7745711878705043
21,5,0,1.0503416505801904,5,0,0.7745710894139968
21,5,0,1.0503417134851332,5,0,0.7745710472183507
21,5,0,1.0503419021999616,5,0,0.7745708362401202
21,5,0,1.0503418392950188,5,0,0.7745708221749048
21,5,0,1.050341933652433,5,0,0.7745706955879665
21,5,0,1.0503419965573757,5,0,0.7745706533923205
21,5,0,1.0503419651049044,5,0,0.774570597131459
21,5,0,1.0503419651049044,5,0,0.774570597131459
21,5,0,1.050341933652433,5,0,0.7745705830662436
22,98,0,0.1772736018633083,1,0,0.19529983616466823
22,98,0,0.14493001905350988,1,0,0.2987032487394959
22,98,0,0.12586365670655522,1,0,0.32453396049480143
22,98,0,0.36209936357056016,1,0,0.18464262248329077
22,5,0,1.128519944920557,98,0,-0.0662762062215879
22,5,0,1.4612933198199705,98,0,0.09102016067265722
22,5,0,1.4333441505029485,98,0,0.15645328663314884
22,5,0,1.4394378781200037,98,0,0.1604469076227695
22,5,0,1.437354969654648,98,0,0.17014734909421955
22,5,0,1.4086105560509918,98,0,0.22370982711344214
22,5,0,1.4295334948791771,98,0,0.18491284340086583
22,5,0,1.4264209583103864,98,0,0.18204235798849913
22,5,0,1.4007190051692635,98,0,0.22785737782000753
22,5,0,1.4179802472781822,98,0,0.20545177104930584
22,5,0,1.3826737158535256,98,0,0.2762859397096113
22,5,0,1.4256205558184445,98,0,0.2012616871314794
22,5,0,1.414421463045305,98,0,0.22016308614636962
22,5,0,1.4171470084061086,98,0,0.22254190789046888
22,5,0,1.403403788127145,98,0,0.2480522703006417
22,5,0,1.3897857486843153,98,0,0.27802985763217514
22,5,0,1.392779520721136,98,0,0.28098991033598036
22,5,0,1.3763961799936653,98,0,0.30646837283770745
22,5,0,1.35933544738986,98,0,0.3413721049375013
22,5,0,1.346438990545668,98,0,0.362981001649119
22,5,0,1.3226891664938594,98,0,0.39364592792506514
22,5,0,1.2770476674950424,98,0,0.4612313131405711
22,5,0,1.2684130834291878,98,0,0.47994744513868537
25,98,0,0.057677466549722896,5,0,0.8731617228563986
25,98,0,0.11892624799692486,5,0,1.2325323918867408
25,98,0,0.21275563807832304,5,0,1.290562432392493
25,98,0,0.26058283221899947,5,0,1.3035227406984493
25,98,0,0.21369002809838805,5,0,1.4140756710254325
25,98,0,0.18667550042120223,5,0,1.401778059406571
25,98,0,0.14937815336742108,5,0,1.4170267219914048
25,98,0,0.11495518476906275,5,0,1.4104187712916285
25,98,0,0.09069941626246873,5,0,1.4357031338213309
25,98,0,0.10598254954070453,5,0,1.4280476621420979
25,98,0,0.08968702411335562,5,0,1.4281666538640783
25,98,0,0.051979033593101846,5,0,1.4357332333822101
25,98,0,0.07159480771030341,5,0,1.431211097860068
25,98,0,0.04825279640254234,5,0,1.4414810117711796
25,98,0,0.046223231328664766,5,0,1.4536898437506631
25,98,0,0.10662657034489367,5,0,1.427431324404843
25,98,0,0.15448364433339093,5,0,1.4338149630499928
25,98,0,0.35256627675449703,5,0,1.3100487755839452
25,98,0,0.4239286947346855,5,0,1.3057929227190763
25,5,0,0.5812857236254032,5,0,1.2056210777654424
25,5,0,0.6521881492115076,5,0,1.1468961593598426
25,5,0,0.7573344137082844,5,0,1.0589947520289869
25,5,0,0.8020362465349606,5,0,1.0221735372490361
25,5,0,0.8816183118521863,5,0,0.9447263122157771
25,5,0,0.955708775664654,5,0,0.888911247760348
25,5,0,0.9944702667141281,5,0,0.8527685530347768
25,5,0,1.0096294458026145,5,0,0.8339798304601684
25,5,0,1.0194387796748992,5,0,0.8217056092944574
25,5,0,1.0235855678604193,5,0,0.816520411389621
25,5,0,1.0219665204431287,5,0,0.8176298755775411
25,5,0,1.0172404720920123,5,0,0.8227116519538052
25,5,0,1.0098267471556461,5,0,0.8313563020991646
25,5,0,1.0019452610647626,5,0,0.8409611563670002
25,5,0,0.9932901385350901,5,0,0.8513534235865641
25,5,0,0.9840593414215598,5,0,0.8627504254004471
25,5,0,0.9736949815128849,5,0,0.8751537230475545
25,5,0,0.9644519336617481,5,0,0.8862733728796728
25,5,0,0.9576483866703551,5,0,0.8944468242451195
25,5,0,0.9517286541250314,5,0,0.9011755670144427
25,5,0,0.9505321234821634,5,0,0.9020532364531625
25,5,0,0.9554210641826105,5,0,0.8956273177706282
25,5,0,0.9648202735542006,5,0,0.8836515042140819
25,5,0,0.9797061306663047,5,0,0.8656391252667103
25,5,0,0.991045564366788,5,0,0.8510882942769509
25,5,0,1.003176342247453,5,0,0.8363739973542299
25,5,0,1.0138619419726733,5,0,0.8233891733778939
25,5,0,1.0232772392833795,5,0,0.8121906176875829
28,98,0,-0.027290252622382296,5,1,1.3057209650772734
28,4,0,0.6893898964784978,98,0,0.4662363356365934
28,98,0,0.3287440491135478,5,0,1.4006642631323187
28,5,0,0.5253966634704195,5,0,1.3289338026881516
28,5,0,0.3860165776751083,5,0,1.427606239423111
28,5,0,0.3796304364315369,5,0,1.4270295093323215
28,5,0,0.3059628982756198,5,0,1.4635858479765356
28,5,0,0.27882815925278,5,0,1.4704869740253612
28,98,0,0.22869663124815975,5,0,1.4995568486181572
28,98,0,0.2330035439655282,5,0,1.4886203560205102
28,98,0,0.2318977379763857,5,0,1.5001201323630586
28,98,0,0.19126982582213584,5,0,1.5093205272978842
28,98,0,0.18311558389935498,5,0,1.519024006855853
28,98,0,0.19778388426685187,5,0,1.5150413567342162
28,98,0,0.188404631488359,5,0,1.515128504808612
28,98,0,0.22649370015197848,5,0,1.484684739979051
28,98,0,0.21663272132167075,5,0,1.5022431359701156
28,98,0,0.25667385616966193,5,0,1.470728445642732
28,98,0,0.2856984483884633,5,0,1.452797715270549
28,98,0,0.24901907949256005,5,0,1.4608590528043284
28,98,0,0.24970864347532246,5,0,1.456453095961094
28,98,0,0.23160051212174673,5,0,1.4584634653235151
28,5,0,0.2872988759426907,5,0,1.444363030660145
28,5,0,0.37830263889932114,5,0,1.359472423330128
28,5,0,0.44127485851635817,5,0,1.330226846067004
29,5,0,1.2728648662297803,98,0,0.1644691653908715
29,98,0,0.484225567135258,5,0,1.2551727189714386
29,5,0,0.886728819487343,5,0,1.0321368857260718
29,5,0,0.7201585203727772,5,0,1.182914475385949
29,5,0,0.7916773908087792,5,0,1.1212104318445102
29,5,0,0.6900476148339774,5,0,1.2114504344035237
29,5,0,0.685461640064198,5,0,1.210688268513374
29,5,0,0.6715147807592176,5,0,1.204278356045924
29,5,0,0.7349459312494293,5,0,1.1496104646208063
29,5,0,0.6231248390004247,5,0,1.2487287124219462
29,5,0,0.6689548798389913,5,0,1.2054547706589773
29,5,0,0.697579050644522,5,0,1.1815727663619369
29,5,0,0.6595511098590496,5,0,1.2336619974630623
29,5,0,0.655351214175587,5,0,1.217879756868176
29,5,0,0.6931401161784925,5,0,1.1824822231873795
29,5,0,0.6783697997200409,5,0,1.1910188524787426
29,5,0,0.6208862879803938,5,0,1.2643513409528806
29,5,0,0.6153988853805664,5,0,1.24230929186891
29,5,0,0.6772433294571949,5,0,1.1940285272623523
29,5,0,0.6750772292050117,5,0,1.1857094024613797
29,5,0,0.6924789223249241,5,0,1.168546689108938
29,5,0,0.7252899045858191,5,0,1.1611821986051574
29,5,0,0.7875724737257975,5,0,1.0942093253883272
29,5,0,0.7719414446615128,5,0,1.1050566445205658
29,5,0,0.7083624518295306,5,0,1.1469179885740877
29,5,0,0.8124194386108805,5,0,1.0539111893703714
29,5,0,0.8969483564915008,5,0,0.9515123566724937
29,5,0,0.9487639284455398,5,0,0.8983182747740875
29,5,0,0.9932477720561272,5,0,0.8477139787850267
41,98,0,-0.022853944437713873,1,0,0.09922130644715581
41,98,0,-0.08401252019696827,1,0,0.4562807230280079
41,98,0,-0.05655753211043174,1,0,0.6209748305951543
41,98,0,-0.06102290237866486,1,0,0.772525782056611
41,98,0,-0.016237728365921928,5,0,0.9410151770115289
41,98,0,0.07613692200872903,5,0,1.2990438135179057
41,98,0,0.05885177602155362,5,0,1.4103849022530317
41,98,0,0.08508640821814392,5,0,1.3730630220669806
41,98,0,0.05360915228032176,5,0,1.4113330665511563
41,98,0,0.055978655664986415,5,0,1.4156651528832986
41,98,0,0.04852743938272302,5,0,1.4217695126121788
41,98,0,0.028401506179569706,5,0,1.4255882185835316
41,98,0,0.046026590477532194,5,0,1.4302610769535153
41,98,0,0.05736143211719249,5,0,1.4131059588173702
41,98,0,0.03316705883475249,5,0,1.421379737364009
41,98,0,0.03812459737530206,5,0,1.405460220267169
41,98,0,0.02706414709605132,5,0,1.4046941723775788
41,98,0,0.033917766421897755,5,0,1.4157298528739735
41,98,0,0.021485485150484786,5,0,1.3848262680237293
41,98,0,0.03610874557895069,5,0,1.4149426509004757
41,98,0,0.04259147736216192,5,0,1.4035067868965416
41,98,0,0.03423128465671693,5,0,1.4118587117797434
41,98,0,0.09044653839249019,5,0,1.4159216461506783
47,4,0,0.903513021962684,98,0,-0.02135489017431434
47,98,0,0.2754738789888829,5,0,1.2891351505982056
47,5,0,1.022823191406388,5,0,0.7556903803309072
47,5,0,0.4441652462797187,5,0,1.3113816516527086
47,5,0,0.6970096665549421,5,0,1.1313777259443254
47,5,0,0.5551641001585186,5,0,1.2496338371610567
47,5,0,0.5747372247245147,5,0,1.2342676456366404
47,5,0,0.4895779600016422,5,0,1.285979310096532
47,5,0,0.5164588461278904,5,0,1.2682527503905743
47,5,0,0.45716864152663794,5,0,1.3083340007876156
47,5,0,0.49207880890683303,5,0,1.2858249865535571
47,5,0,0.4561805306854382,5,0,1.3120833933776541
47,5,0,0.49529482410649806,5,0,1.29300646047502
47,5,0,0.46205358776321853,5,0,1.3120332649500965
47,5,0,0.50361400278925,5,0,1.2880723829252942
47,5,0,0.4458293021835688,5,0,1.3453883605774417
47,5,0,0.4717350358868301,5,0,1.312893268478319
47,5,0,0.41974325146182667,5,0,1.3408515409704596
47,5,0,0.43251531378166974,5,0,1.3479187490823046
47,5,0,0.405668301967109,5,0,1.3617852510837392
47,5,0,0.3840814014678732,5,0,1.380651599581942
47,5,0,0.35948780196607527,5,0,1.3856629795553088
47,5,0,0.2854979703358211,5,0,1.433598021168217
47,98,0,0.26154659884734305,5,0,1.442808824362412
47,98,0,0.31076933914361005,5,0,1.4071951927127615
47,5,0,0.4729781633660629,5,0,1.2912040312565416
51,1,0,0.25407279969062135,98,0,0.009404385566294235
51,1,0,0.38688891196912006,98,0,0.1487019464459941
51,1,0,0.6130838262238786,98,0,0.17550006371404234
51,5,0,1.0749071630250369,98,0,0.27883708847235145
51,5,0,1.2567917726801041,5,0,0.5232487015498913
51,5,0,1.260845807527494,5,0,0.5374371282005794
51,5,0,1.2060180795671067,5,0,0.621706629685333
51,5,0,1.200221137470091,5,0,0.6383754148698337
51,5,0,1.1569189789358754,5,0,0.6999774398879329
51,5,0,1.1278839759490438,5,0,0.7333770484056016
51,5,0,1.0511530299846477,5,0,0.8325600172952394
51,5,0,1.080464846172186,5,0,0.7971414561174736
51,5,0,0.9842448795502915,5,0,0.9012986657793093
51,5,0,1.023199677488931,5,0,0.8808603184859379
51,5,0,0.8586755896687259,5,0,1.0318304890745804
51,5,0,0.8147629386648232,5,0,1.0816475127640663
51,5,0,0.6931007848630187,5,0,1.190413879435502
51,5,0,0.5081133731790561,5,0,1.3234489875656292
51,98,0,0.3225447040975638,5,0,1.4309907240657433
51,98,0,0.22716149902453872,5,0,1.4631441439532413
51,98,0,0.2014128075109296,5,0,1.457051599005267
51,98,0,0.2270900390095398,5,0,1.4352524280602037
51,98,0,0.22010847103007739,5,0,1.4383117811844794
51,98,0,0.23839053455044185,5,0,1.4385901036661044
51,98,0,0.24887420940933602,5,0,1.4310474350140914
51,98,0,0.3109330178047255,5,0,1.3781558115068748
51,5,0,0.34355492353385725,5,0,1.367602342854023
51,5,0,0.37629864468468394,5,0,1.3509238104752748
51,5,0,0.3813707645785086,5,0,1.358292070456773
51,5,0,0.4055647604312919,5,0,1.340797586804323
51,5,0,0.42963149958482977,5,0,1.324569028795503
51,5,0,0.46118807865549843,5,0,1.303474750183627
51,5,0,0.4959405433441423,5,0,1.2791577369058058
52,1,0,0.17748395599196706,98,0,-0.006562390654168981
52,1,0,0.22764196697749797,98,0,0.018995287140488665
52,1,0,0.28518860382722544,98,0,-0.017552218548476654
52,1,0,0.283315923680643,98,0,-0.0016962762250825342
52,1,0,0.30588099604011926,98,0,-0.008001543490223544
52,1,0,0.31975691429587866,98,0,0.006054163788288874
52,1,0,0.301693665618977,98,0,0.07961394614271078
52,1,0,0.2814163831234932,98,0,0.1424494518688992
52,1,0,0.25480778104207147,98,0,0.2172295323083103
52,1,0,0.28583168105727286,98,0,0.2005532503640205
52,1,0,0.2539240924058877,98,0,0.34352661462697387
52,1,0,0.24292195500859473,98,0,0.4244243604889996
52,1,0,0.24485930143635576,98,0,0.49473775048523394
52,1,0,0.21441293170082423,98,0,0.6123307852540556
52,1,0,0.20003871194082726,98,0,0.7117672515202006
52,1,0,0.16606243134115492,98,0,0.8286512236194796
52,98,0,0.14192379183801865,5,0,1.0006836885202601
52,98,0,0.289351464225626,5,0,1.304532679422453
52,98,0,0.25554307691823547,5,0,1.4037031373030244
52,98,0,0.20108155008224626,5,0,1.4528467184808775
52,98,0,0.17203437498898658,5,0,1.4689659616358877
52,98,0,0.15798682059684996,5,0,1.4587496643257438
52,98,0,0.21702480783002306,5,0,1.4289928446145652
52,5,0,0.2505925837312773,5,0,1.4185181974286138
52,5,0,0.2651190334528037,5,0,1.4063364831843526
52,5,0,0.27620219241639826,5,0,1.4074673827604876
52,5,0,0.30549809365341296,5,0,1.3888972476978525
52,5,0,0.3523368938806471,5,0,1.3604942893567606
52,5,0,0.41383496761608907,5,0,1.3205099201631472
66,2,0,0.28507789112793136,98,0,0.19675603604174408
66,3,0,0.32297491100124126,98,0,0.13697617022297534
66,3,0,1.005284821572049,98,0,0.25177032559084894
66,5,0,1.289017597437017,98,0,0.26905129927407206
66,5,0,1.3425423438651154,98,0,0.3635724158247486
66,5,0,1.3249254372097146,98,0,0.4273183348110243
66,5,0,1.3764894051188663,98,0,0.3578165358717293
66,5,0,1.4218623629169522,98,0,0.2179488274220303
66,5,0,1.3893301910886973,98,0,0.2653747644996196
66,5,0,1.4147339748010397,98,0,0.20068169391072546
66,5,0,1.397661195900692,98,0,0.22135756049595032
66,5,0,1.3686976529288593,98,0,0.3088920344883874
66,5,0,1.3791563230729982,98,0,0.27172880993164333
66,5,0,1.3616269486454766,98,0,0.29204668865542116
66,5,0,1.3767280664717763,98,0,0.27460424629981817
66,5,0,1.3714921421069506,98,0,0.2828832571065724
66,5,0,1.3330357714824344,98,0,0.35773383240538836
66,5,0,1.3749619472982644,98,0,0.2908878274311424
66,5,0,1.330627770272788,98,0,0.3773467625351176
66,5,0,1.3581587475302037,98,0,0.3382706686888561
66,5,0,1.366835540812664,98,0,0.3229271502916068
66,5,0,1.2971778782343049,98,0,0.4447689349915385
66,5,0,1.2841229009343054,98,0,0.43819569724328067
66,5,0,1.25719750956104,98,0,0.4864717921983376
66,5,0,1.170372805025576,5,0,0.5998400300978143
66,5,0,1.1568267602897588,5,0,0.6260756512730214
66,5,0,1.1327341357522667,5,0,0.6610668057189109
66,5,0,1.1414127218255963,5,0,0.6547904846669892
66,5,0,1.124635753418675,5,0,0.6715097499094317
66,5,0,1.118703188265024,5,0,0.6818981421621628
66,5,0,1.111468081913684,5,0,0.6920457097974299
66,5,0,1.107155979538536,5,0,0.6990935641729338
66,5,0,1.1025962518561319,5,0,0.7056993558621518
66,5,0,1.0961154701261469,5,0,0.7143911737072346
66,5,0,1.0916154706869128,5,0,0.7213626820937423
66,5,0,1.0858831948710759,5,0,0.7288799419342
66,5,0,1.0801348153898869,5,0,0.7368739492820314
66,5,0,1.076545113377633,5,0,0.7422811384809594
67,1,0,0.3102666028409064,98,0,0.25617768895562
67,1,0,0.5064315151763991,98,0,0.015357459838718217
67,1,0,0.9150648070237594,98,0,-0.07386489625827218
67,5,0,1.2374621216951407,98,0,0.06002397044445578
67,5,0,1.3140319366486037,98,0,0.3522890750162229
67,5,0,1.258688167990115,98,0,0.5114682678999677
67,5,0,1.186578344932277,98,0,0.6494678836732609
67,5,0,1.162327325748863,98,0,0.7209423571978015
67,5,0,1.1218577453355922,5,0,0.7711956135418051
67,5,0,0.937362973711017,5,0,0.9815522810385208
67,98,0,0.7139363172732102,5,0,1.237824513558775
67,98,0,0.4872524271719813,5,0,1.396574098504439
67,98,0,0.3153967525444463,5,0,1.4934242459368259
67,98,0,0.17635858656561976,5,0,1.512496846753128
67,98,0,0.10479138154420857,5,0,1.533845086893618
67,98,0,0.09975948936129217,5,0,1.513954340630017
67,98,0,0.07591147069380287,5,0,1.5280465049467533
67,98,0,0.07842917812365893,5,0,1.510656891540058
67,98,0,0.08981371466811601,5,0,1.5128982679996192
67,98,0,0.11824121317004267,5,0,1.504310103759162
67,98,0,0.1637061379944742,5,0,1.470356786391951
68,98,0,0.03867300266646449,5,0,1.1178275225059986
68,98,0,0.4293382681940574,5,0,1.0069775348305254
68,98,0,0.21936946376228933,5,0,1.402381850971721
68,98,0,0.4116746860711131,5,0,1.2256097179279775
68,5,0,0.28723156765391533,5,0,1.3521086642175466
68,5,0,0.3707559958188594,5,0,1.2594031419269294
68,5,0,0.30877814608482873,5,0,1.3384551658375858
68,98,0,0.26583583527579013,5,0,1.343747512553066
68,98,0,0.22026101551632066,5,0,1.3887877640614583
68,98,0,0.24026547927496436,5,0,1.3604908011833503
68,98,0,0.15153604452457134,5,0,1.4249901656262502
68,98,0,0.23509884470461165,5,0,1.3359142565516307
68,98,0,0.19764064971214015,5,0,1.392727262102358
68,98,0,0.22257421897719656,5,0,1.386827073039703
68,5,0,0.3507526643491857,5,0,1.3191214021024034
68,5,0,0.3713573670718432,5,0,1.3450762253180817
68,5,0,0.4134147625983138,5,0,1.3212442931877375
68,5,0,0.3948158468811628,5,0,1.3525198185930698
68,98,0,0.33889564877950257,5,0,1.4016161406472996
68,5,0,0.5674372319246962,5,0,1.2355210813690274
68,5,0,0.6092459013074119,5,0,1.2168708308396785
68,5,0,0.70919333176625,5,0,1.1361080829147174
68,5,0,0.8012710157691509,5,0,1.0611883630171717
70,98,0,-0.014531494697937321,5,0,1.3606532825512363
70,5,0,1.0409171062428955,5,0,0.6218202344298288
70,5,0,0.6516344284526803,5,0,1.200203831937529
70,5,0,0.9092273855960642,5,0,0.9968167107297777
70,5,0,0.7692107961372261,5,0,1.1378772057032138
70,5,0,0.8473334825081745,5,0,1.0719968621550053
70,5,0,0.7974399868070365,5,0,1.1228034018757864
70,5,0,0.8457943086419798,5,0,1.070860617797032
70,5,0,0.8225518601324049,5,0,1.0879670702880173
70,5,0,0.8184256104107027,5,0,1.0897799077658652
70,5,0,0.7825584465466308,5,0,1.1192876606433764
70,5,0,0.8713063517608478,5,0,1.03668552011396
70,5,0,0.817036055950912,5,0,1.0979176475495025
70,5,0,0.8783640504473107,5,0,1.0293258680442645
70,5,0,0.928727792048206,5,0,0.9873716795041244
70,5,0,0.8522827490487483,5,0,1.0309635091995373
70,5,0,0.9532131006910068,5,0,0.9208745200013387
70,5,0,0.9134785173554218,5,0,0.9651485267071258
70,5,0,0.8920376978595586,5,0,0.9992600074211061
70,5,0,0.9455613749036299,5,0,0.9275522622997519
70,5,0,0.9489514952586762,5,0,0.913485724805409
74,98,0,0.4187525300655015,5,0,1.0099636925740465
74,5,0,0.9032423262676628,5,0,0.9451265519841778
74,5,0,0.7853427529871094,5,0,1.097609788115613
74,5,0,0.6762713537338184,5,0,1.2039460793981627
74,5,0,0.5787206487736333,5,0,1.2759932884923293
74,5,0,0.5678256699463673,5,0,1.2758854364209176
74,5,0,0.4652984763316199,5,0,1.3537355032874197
74,5,0,0.41294014480503316,5,0,1.3924699249220565
74,5,0,0.37193543204352675,5,0,1.4095942683669849
74,5,0,0.44834751285296714,5,0,1.3487773460889905
74,5,0,0.33459829761343673,5,0,1.4284880721655786
74,5,0,0.3987718758277003,5,0,1.3870498660510704
74,5,0,0.4108128254500743,5,0,1.384044579614654
74,5,0,0.41615864474993797,5,0,1.3849038517516776
74,5,0,0.41222673984895686,5,0,1.3779757767502143
74,5,0,0.363358846334916,5,0,1.4188780981593505
74,5,0,0.40344281944894084,5,0,1.376412399932064
74,5,0,0.33271935842504763,5,0,1.432137601726532
74,5,0,0.3686004006921206,5,0,1.4017400270642266
74,5,0,0.3479695609657377,5,0,1.4113056675116271
74,5,0,0.3548916837742724,5,0,1.3680372955739424
76,98,0,0.08135438377284859,5,0,1.3277091162559687
76,98,0,0.13760826114348923,5,0,1.4745677993502393
76,98,0,0.15313999475559448,5,0,1.473100065996565
76,98,0,0.15150836634974782,5,0,1.4672228876262456
76,98,0,0.15437356068352465,5,0,1.4597045236663817
76,98,0,0.19004456334665273,5,0,1.4515702157952934
76,98,0,0.1665335893625826,5,0,1.4631530331693514
76,98,0,0.1679315888109416,5,0,1.466246367853947
76,98,0,0.18239318353646103,5,0,1.4549866003463714
76,98,0,0.18376841139553343,5,0,1.4523629875940753
76,98,0,0.21795473159915063,5,0,1.4241586300939246
76,98,0,0.2202432134175137,5,0,1.432685807560563
76,98,0,0.22799404594224174,5,0,1.4264016943793296
76,98,0,0.3530612442967672,5,0,1.3606454622914939
76,98,0,0.43641548313901796,5,0,1.327876661101386
76,5,0,0.48044881727564553,5,0,1.3002926921205147
76,5,0,0.5307907623138673,5,0,1.2571113557355031
76,5,0,0.5507648429851479,5,0,1.2468515125185922
76,5,0,0.5763588512444593,5,0,1.2299527188672423
76,5,0,0.6148639102946877,5,0,1.200030379701659
76,5,0,0.630845115449197,5,0,1.1876234532289878
76,5,0,0.6434684233055994,5,0,1.1759272139582335
76,5,0,0.6720431350998687,5,0,1.1470830579416007
76,5,0,0.7109397774189071,5,0,1.1144445006457642
80,5,0,0.48581964129026456,98,0,0.8680755159372948
80,98,0,0.2887410346608818,5,0,1.4046424686459005
80,5,0,0.3263838556604147,5,0,1.3819131368783786
80,5,0,0.30087747398639697,5,0,1.3904892050336226
80,5,0,0.29640153568777666,5,0,1.387938000010021
80,5,0,0.35808753793977616,5,0,1.3400035772665888
80,5,0,0.3494358122770138,5,0,1.3610651683179587
80,5,0,0.31911179265519085,5,0,1.3761173117137253
80,5,0,0.3472646796294082,5,0,1.3506838579011633
80,98,0,0.2736223978080176,5,0,1.4132459921015352
80,5,0,0.29325138196320316,5,0,1.3906979328296258
80,98,0,0.2200170072432742,5,0,1.4386110889674275
80,98,0,0.2235281095295236,5,0,1.4322565934485123
80,98,0,0.18728039435098176,5,0,1.4531379809606373
80,98,0,0.19883062251472328,5,0,1.4472386358109042
80,98,0,0.20835279532321396,5,0,1.4371431868311688
80,98,0,0.205108661614126,5,0,1.4421531602829991
80,98,0,0.20580426447139535,5,0,1.4350301413965896
80,98,0,0.3003661197065324,5,0,1.4043530065137073
80,98,0,0.3675102894862019,5,0,1.372867459312558
80,98,0,0.4131675147207141,5,0,1.3495360800665914
80,5,0,0.4557976282987319,5,0,1.3170461639667228
80,5,0,0.5188889898773957,5,0,1.2609107642313764
80,5,0,0.5936264624788345,5,0,1.2034788892046286
81,98,0,-0.028443426033438694,5,0,1.3303011104041262
81,98,0,0.06983825008809422,5,0,1.4748481472228765
81,98,0,0.14837318400155608,5,0,1.462663957500711
81,98,0,0.1361551569652543,5,0,1.481495311743088
81,98,0,0.12930669584471588,5,0,1.4861335134224145
81,98,0,0.12204205562274013,5,0,1.4948285170387774
81,98,0,0.11262455663903657,5,0,1.4963563932533488
81,98,0,0.10181648099022214,5,0,1.5008008325258195
81,98,0,0.09834211519055669,5,0,1.4952815294952242
81,98,0,0.10624473734221462,5,0,1.4905529166115372
81,98,0,0.11810936440997426,5,0,1.4776979286382272
81,98,0,0.08735928961069737,5,0,1.4896552745670004
81,98,0,0.09261524919979874,5,0,1.4859805401401147
81,98,0,0.08945125638781343,5,0,1.486033819175914
81,98,0,0.13908501758020972,5,0,1.460383648525022
81,98,0,0.2054609292936981,5,0,1.407972605296366
81,98,0,0.36958690745727946,5,0,1.323032319625683
81,98,0,0.47505346033334206,5,0,1.2916091657198892
81,5,0,0.613664218678445,5,0,1.1967984745152964
81,5,0,0.7019486481373713,5,0,1.1236326307127922
81,5,0,0.7678431168712875,5,0,1.0723322894110083
81,5,0,0.8118995764375049,5,0,1.037658157886818
81,5,0,0.8285659500918997,5,0,1.0245790829023271
81,5,0,0.8345366670933472,5,0,1.0175052360088304
88,98,0,-0.060052908160985956,1,0,0.16353861074238274
88,98,0,0.08689869961965685,1,0,0.4295691349648796
88,98,0,0.2126731067933947,1,0,0.4684587521858439
88,98,0,0.23259692641539353,1,0,0.5385309237385839
88,98,0,0.2898525649998173,98,0,0.7157480661312323
88,98,0,0.3894537352011189,5,0,1.2371074688795134
88,98,0,0.28754753918150294,5,0,1.4073584054718464
88,98,0,0.2698377848305576,5,0,1.3664528771936073
88,98,0,0.17572123368536535,5,0,1.4245275888233557
88,98,0,0.1666573862899751,5,0,1.4140710576347932
88,98,0,0.12299644941460941,5,0,1.4448469865903928
88,98,0,0.10290272354215983,5,0,1.4613413209087327
88,98,0,0.10534909676690254,5,0,1.4549361906145066
88,98,0,0.0971549731103987,5,0,1.4746424575133918
88,98,0,0.10484271197751764,5,0,1.4556894672885463
88,98,0,0.09009301261406247,5,0,1.4648897497016489
88,98,0,0.12743414150801902,5,0,1.470757419986382
88,98,0,0.14547603395684663,5,0,1.4790263038380742
88,98,0,0.15625416685289745,5,0,1.4747683130604698
88,98,0,0.17963794704266492,5,0,1.4689813208510651
88,98,0,0.17114993149348948,5,0,1.4741844941011368
88,98,0,0.197133195538728,5,0,1.4538701598116308
88,98,0,0.1833505967655838,5,0,1.471079400896497
88,98,0,0.22795554811725993,5,0,1.4329084880502074
88,98,0,0.2932586160316229,5,0,1.4013215587767138
88,98,0,0.29348608030471807,5,0,1.411652909548536
88,5,0,0.38021586128152574,5,0,1.3519658741511702
88,5,0,0.4651705276780039,5,0,1.2922640421472416
88,5,0,0.5929107614923468,5,0,1.1967092447890266
88,5,0,0.7581560859340042,5,0,1.0627749193102418
93,98,0,-0.07281481133256996,5,1,1.2321130796863065
93,98,0,0.14914276307153557,5,0,1.2271096324944049
93,98,0,0.11359266370843206,5,0,1.470761470768407
93,98,0,0.11567922066046897,5,0,1.4431588794423937
93,98,0,0.12357781689578895,5,0,1.4613618561231643
93,98,0,0.1105845493446574,5,0,1.4610811144244968
93,98,0,0.0796180815422148,5,0,1.4549390036575793
93,98,0,0.08945326934598241,5,0,1.4334069030218497
93,98,0,0.08704791014393275,5,0,1.423096312507905
93,98,0,0.04987612135594194,5,0,1.4566785332329497
93,98,0,0.05403992532848422,5,0,1.4532951738075464
93,98,0,0.041806675296029494,5,0,1.4435166985212564
93,98,0,0.05827367959739868,5,0,1.4468736153417752
93,98,0,0.06306464584946488,5,0,1.5040232858874574
93,98,0,0.07641357794707869,5,0,1.4936165455612838
93,98,0,0.07564362144744252,5,0,1.5055103729774728
93,98,0,0.09938860181865697,5,0,1.5122880064354016
93,98,0,0.15431027831108723,5,0,1.4885217869912386
93,98,0,0.13982792495445018,5,0,1.502000820439823
93,98,0,0.12852101310938452,5,0,1.4984355133884697
93,98,0,0.1738163462080792,5,0,1.478258286818333
93,98,0,0.1792559882301003,5,0,1.474283006869547
96,98,0,0.19392290468885603,98,0,0.32296608280773464
96,98,0,0.1990571432136767,5,0,0.614697595304234
96,5,0,0.9566923101712664,98,0,0.543427967576256
96,5,0,1.2829466414092485,98,0,0.46748965884725746
96,5,0,1.2674314517970946,98,0,0.5285166732471455
96,5,0,1.2607236461286138,98,0,0.5429834927055351
96,5,0,1.24794048108637,98,0,0.575990558643911
96,5,0,1.2219451078396462,98,0,0.6173282828598581
96,5,0,1.260185431438182,98,0,0.5761202117991373
96,5,0,1.257337473058727,98,0,0.5737491681191343
96,5,0,1.236162285409991,98,0,0.5915571091611888
96,5,0,1.2769136799669194,98,0,0.5415224543943741
96,5,0,1.2845281974806415,98,0,0.5034501949686483
96,5,0,1.284149383915216,98,0,0.4942005436496176
96,5,0,1.328358222842202,98,0,0.3738673095583469
96,5,0,1.3145275646927732,98,0,0.38166838434702904
96,5,0,1.3380518116197702,98,0,0.354637178329967
96,5,0,1.361780562515747,98,0,0.3289679352470413
96,5,0,1.3523515519275147,98,0,0.3525983972325102
96,5,0,1.365537937652983,98,0,0.3236251787996963
96,5,0,1.3547623209546436,98,0,0.3427637173456252
96,5,0,1.3328693879087794,98,0,0.37513936763587596
96,5,0,1.3248222101986113,98,0,0.38431073196619003
96,5,0,1.2983982970291938,98,0,0.42784330490927397
96,5,0,1.2331486983161943,98,0,0.5193897690625973
96,5,0,1.1956205844798222,98,0,0.5611775098441187
96,5,0,1.157396018569453,98,0,0.6136897663625348
97,5,0,1.2310244613034318,98,0,0.13460545004292582
97,5,0,1.101614022627082,5,0,0.7173611212900486
97,5,0,1.1927794827391303,5,0,0.6604666500119325
97,5,0,1.226180340374716,98,0,0.5879109411867074
97,5,0,1.2036479156805429,5,0,0.6326601552587859
97,5,0,1.131072312973885,5,0,0.7319726999449655
97,5,0,1.184857485865096,5,0,0.6835030324634602
97,5,0,1.1505572762625742,5,0,0.7149016003727978
97,5,0,1.165180945573168,5,0,0.6972008855000715
97,5,0,1.167352015315831,5,0,0.6922625321248751
97,5,0,1.2146956906138233,5,0,0.6270839443668276
97,5,0,1.1611742781476921,5,0,0.702589948152699
97,5,0,1.220679712010669,5,0,0.6195848778824433
97,5,0,1.2725580788238386,98,0,0.5268920283508691
97,5,0,1.1985861121973342,98,0,0.6018269527462237
97,5,0,1.1673037672247182,5,0,0.6390579013149459
97,5,0,1.1501131044615995,5,0,0.6575266332074133
97,5,0,1.1104975530039913,5,0,0.7135594271966786
97,5,0,1.1234924560836352,5,0,0.707771130438549
97,5,0,1.1033950188195616,5,0,0.7228401837394871
97,5,0,1.0495455256243575,5,0,0.7859658407934215
101,5,0,0.6118793538319844,98,0,0.41489644294920563
101,5,0,1.3907391359971002,98,0,0.15758891212164614
101,5,0,0.7667436328288945,5,0,0.9824208643481154
101,5,0,1.0391190628109224,5,0,0.7748414509837255
101,5,0,0.7723116874284846,5,0,1.0420669277731254
101,5,0,0.78507237967992,5,0,1.0662044126420394
101,5,0,0.46855041025361266,5,0,1.3410454158990384
101,5,0,0.5492488967690751,5,0,1.247125052826993
101,5,0,0.5178928586559913,5,0,1.2937448280207737
101,5,0,0.5072408816226873,5,0,1.2906850810704678
101,5,0,0.4655049303538263,5,0,1.3191331043615862
101,5,0,0.5389427711111795,5,0,1.264750286721468
101,5,0,0.6032324089448735,5,0,1.2163979020382762
101,5,0,0.7404861189593676,5,0,1.108010396007888
101,5,0,0.7654094661712222,5,0,1.1137926060440688
101,5,0,0.9322133706539221,5,0,0.9704166531217489
101,5,0,0.9156995021701813,5,0,0.9921815471369698
101,5,0,0.9574767977126849,5,0,0.9472510183736328
101,5,0,0.8975348192730456,5,0,1.0015822307385802
101,5,0,0.8805336733762895,5,0,1.0292205477116183
101,5,0,0.896982403791781,5,0,1.0136011823106483
101,5,0,0.8293225550174307,5,0,1.0728163016021177
101,5,0,0.8175916717211407,5,0,1.0814919514821395
108,98,0,-0.09656859839577371,5,0,1.2089786697162985
108,5,0,1.143984621863658,98,0,0.2816995285815299
108,5,0,0.4594549216720037,5,0,1.2192328305862024
108,5,0,0.8437099376367045,5,0,1.0088159710003362
108,5,0,0.5245120941650367,5,0,1.2846694447201044
108,5,0,0.7223718071951637,5,0,1.119763458748713
108,5,0,0.5290940272922426,5,0,1.2875385236109345
108,5,0,0.5977813496757377,5,0,1.2047483030216692
108,5,0,0.6275065456947595,5,0,1.1976282659609168
108,5,0,0.7290669532439097,5,0,1.1111526776419505
108,5,0,0.6906320961098246,5,0,1.1717208143905848
108,5,0,0.6009020324346185,5,0,1.2589203112139105
108,5,0,0.480900537669754,5,0,1.3537184562463984
108,5,0,0.49085581100929004,5,0,1.3311391159355193
108,5,0,0.49788877232700435,5,0,1.3265626886820718
108,5,0,0.4338260011694491,5,0,1.3653925849986002
108,5,0,0.49652760372264343,5,0,1.3249242036138773
108,5,0,0.40737400094308,5,0,1.3871221612580418
108,5,0,0.45904981384049576,5,0,1.3449186949060037
108,5,0,0.4974925969973713,5,0,1.3139957000585571
108,5,0,0.5096761835775007,5,0,1.280063593036115
108,5,0,0.6385579691147212,5,0,1.1764226471042185
108,5,0,0.7184861531533621,5,0,1.1276598394367023
108,5,0,0.7685657531277168,5,0,1.083828521319285
108,5,0,0.8175635453485999,5,0,1.0558624848282634
108,5,0,0.8448389712759689,5,0,1.0183977583149746
108,5,0,0.8660399971299519,5,0,0.9994116304427311
108,5,0,0.9406054876178283,5,0,0.9072265633162315
114,5,0,1.0158980177081287,98,0,0.16297268273699286
114,5,0,0.9354773194199859,5,0,0.6260065910655838
114,5,0,1.350454275948305,98,0,0.33188275421823565
114,5,0,1.276535935785521,98,0,0.44060219933121647
114,5,0,1.2902539940873723,98,0,0.41426536486624926
114,5,0,1.2528143560530212,98,0,0.4881110086577311
114,5,0,1.3424472944965737,98,0,0.37582254327654097
114,5,0,1.2686034337860423,98,0,0.4792813446694724
114,5,0,1.3106631882478672,98,0,0.43579425863287596
114,5,0,1.2925287626282091,98,0,0.4560321344116628
114,5,0,1.3083878535625453,98,0,0.4450865838153213
114,5,0,1.2640209974192942,98,0,0.5145732485828847
114,5,0,1.2309856175012648,98,0,0.5616948706608563
114,5,0,1.2178127248860229,98,0,0.600774565202251
114,5,0,1.2837197431560237,98,0,0.5299548837137706
114,5,0,1.2334485347259587,98,0,0.5750067812204845
114,5,0,1.198069065020148,5,0,0.6315778369365185
114,5,0,1.263861281769574,98,0,0.557856867214024
114,5,0,1.2324651103029962,98,0,0.5822610285662413
114,5,0,1.2195048049418817,5,0,0.6132932820066362
114,5,0,1.118783266257184,5,0,0.7215523937185733
117,8,0,0.12120655217272644,98,0,0.1118745992321447
117,3,0,0.23169405177166166,98,0,0.11884543248831485
117,98,0,0.05889643853092794,5,0,1.1368861706286595
117,98,0,0.06341540381041025,5,0,1.496899310566403
117,98,0,0.04911698450646405,5,0,1.4964882687126024
117,98,0,0.03706817176624243,5,0,1.487713543455556
117,98,0,0.03708175923388307,5,0,1.4742903207815363
117,98,0,0.04953152807938908,5,0,1.4542523961043656
117,98,0,0.09134834365219478,5,0,1.4758297304727062
117,98,0,0.11971973094516103,5,0,1.4528253956143855
117,98,0,0.10448126017629955,5,0,1.464474600804962
117,98,0,0.11456139982725536,5,0,1.4620468321113957
117,98,0,0.12120554569364195,5,0,1.4630101868421137
117,98,0,0.14163191290351604,5,0,1.4437681845719665
117,98,0,0.1347769096689284,5,0,1.4510797336051167
117,98,0,0.1326995368385375,5,0,1.4616919385973288
117,98,0,0.11099141851456318,5,0,1.47433797373119
117,98,0,0.14209313194398437,5,0,1.4492261070027128
117,98,0,0.1660190269306362,5,0,1.437357203148149
117,98,0,0.23000882835456585,5,0,1.407621424999155
117,98,0,0.281018823885119,5,0,1.381075918999046
117,98,0,0.3151010993133769,5,0,1.3824540288004203
117,5,0,0.448884752516786,5,0,1.2702363395829424
117,5,0,0.6364903150979898,5,0,1.1372581111837476
117,5,0,0.8631402679825885,5,0,0.9615365231407639
129,6,0,0.2356040343000837,98,0,-0.006793060186140197
129,98,0,0.7198179451494444,98,0,0.2755443652947545
129,5,0,1.2613692395563725,98,0,0.29378188614445927
129,5,0,1.3089482736977789,98,0,0.24661463650784646
129,5,0,1.311305070284002,98,0,0.248227354101494
129,5,0,1.2903813765965033,98,0,0.2829769314408973
129,5,0,1.3051235902717675,98,0,0.2905972400817201
129,5,0,1.3149161914292726,98,0,0.2566600133208856
129,5,0,1.2700263435917425,98,0,0.3595820579650924
129,5,0,1.2786604873229976,98,0,0.3355667154264003
129,5,0,1.2411407083915438,98,0,0.40925949845730514
129,5,0,1.1428231764526258,5,0,0.5716171205785983
129,5,0,1.0616105678398164,5,0,0.6986037395315752
129,5,0,1.049327214020437,5,0,0.7381132002447238
129,5,0,0.9947329892076517,5,0,0.8009959861923587
129,5,0,0.9264933770281629,5,0,0.8925390746939945
129,5,0,0.8995413768641012,5,0,0.9212428036004323
129,5,0,0.8195667217989809,5,0,1.0148006076160372
129,5,0,0.7757572978061813,5,0,1.053405347965017
129,5,0,0.6681392386246606,5,0,1.1508433651387617
129,5,0,0.6388412615245342,5,0,1.179094025327891
130,98,0,0.042402636723934156,6,0,0.13556666686090832
130,5,0,0.491053772864221,5,0,0.4352482751028724
130,98,0,0.7451378136681173,5,0,0.9843514276785608
130,5,0,0.9483262201274357,5,0,0.9324758190683853
130,5,0,0.9563151635868246,5,0,0.9178053774871695
130,5,0,0.9263158435534,5,0,0.9600544432674181
130,5,0,0.8420883740217028,5,0,1.0397987711435108
130,5,0,0.6493254868016777,5,0,1.2290920402086825
130,5,0,0.5418209553156406,5,0,1.316160111659646
130,98,0,0.3952414617240172,5,0,1.3945221523654014
130,98,0,0.25627013224689515,5,0,1.4776262523007317
130,98,0,0.1994772853265092,5,0,1.4793398456189706
130,98,0,0.17532090662950878,5,0,1.4780534410217703
130,98,0,0.15291353696158383,5,0,1.4822182075519412
130,98,0,0.13553919176554535,5,0,1.4918571559018194
130,98,0,0.12000896787206684,5,0,1.499673196079649
130,98,0,0.1164019984530196,5,0,1.497831890605904
130,98,0,0.13209313319013122,5,0,1.490639670859903
130,98,0,0.11780062695080643,5,0,1.5023743362990318
130,98,0,0.11906904221703712,5,0,1.5057774432868063
130,98,0,0.11771381812976901,5,0,1.5116881531305537
136,6,0,0.31600623853504883,98,0,-0.014626372448436873
136,98,0,0.8475424370018564,98,0,0.25703184135425095
136,5,0,1.301304442480721,98,0,0.2692509128105194
136,5,0,1.328763896818195,98,0,0.24820518732208016
136,5,0,1.3068705863426742,98,0,0.28016625132425876
136,5,0,1.3067283582670468,98,0,0.28637604390750826
136,5,0,1.2960795579333533,98,0,0.3261340193946213
136,5,0,1.2833305502750392,98,0,0.3637080045008585
136,5,0,1.2372525538782666,98,0,0.44151030589598417
136,5,0,1.2223868578003239,98,0,0.4650537885896414
136,5,0,1.17790230650913,98,0,0.5283773713541794
136,5,0,1.1851115903814586,98,0,0.5427667477367744
136,5,0,1.1061038314655856,5,0,0.6267505706322677
136,5,0,1.0664422964948046,5,0,0.7182295569148818
136,5,0,1.025987939077687,5,0,0.7730005393360108
136,5,0,0.9687186186682082,5,0,0.8535325755333546
136,5,0,0.9480513569799554,5,0,0.8749125046040602
136,5,0,0.8738935691524766,5,0,0.9635572726321239
136,5,0,0.8334429309901007,5,0,1.0001406024246215
136,5,0,0.7454174811806026,5,0,1.0851370926958992
136,5,0,0.7306317058324626,5,0,1.1001704449639393
137,98,0,0.07726417858335977,5,0,0.9749962309834379
137,5,0,0.7231175295655936,5,0,0.6847561657937169
137,98,0,0.30472121761007087,5,0,1.4264337630703599
137,98,0,0.4697700741891883,5,0,1.2809349612583518
137,5,0,0.3559889346911967,5,0,1.4261706872821898
137,98,0,0.25802908025693005,5,0,1.4720472002352698
137,98,0,0.23830781455068517,5,0,1.4428007227983624
137,98,0,0.18639595085548463,5,0,1.4795281507222653
137,98,0,0.16153503679933998,5,0,1.4927823095076083
137,98,0,0.14022095503694418,5,0,1.487945281943895
137,98,0,0.14343112007693057,5,0,1.4705238811504766
137,98,0,0.1287567808349267,5,0,1.4944140432724282
137,98,0,0.1384353353311703,5,0,1.4765899834935665
137,98,0,0.15248943183735614,5,0,1.4670035827882886
137,98,0,0.13794505420713726,5,0,1.4815857792083098
137,98,0,0.13834475221356604,5,0,1.4625643757759332
137,98,0,0.13694637533555035,5,0,1.4792959058861732
137,98,0,0.1432226530965552,5,0,1.485420181960009
137,98,0,0.13880181952781084,5,0,1.4781064950141236
137,98,0,0.1356553142899186,5,0,1.4876120488614886
137,98,0,0.15019541438402836,5,0,1.4787314969240426
137,98,0,0.16015276358667616,5,0,1.4854213634380995
137,98,0,0.22315860589562955,5,0,1.46263571454826
138,0,0,0.19093642962539795,6,0,0.025249863369457465
138,1,0,0.28297982257136556,98,0,0.0099029693205208
138,1,0,0.32790162611982826,98,0,-0.002839328147292095
138,1,0,0.5028004531642668,98,0,-0.025008920604184227
138,1,0,0.743759126037192,98,0,-0.03582214565438028
138,5,0,1.231351441196006,98,0,0.11128740462112431
138,5,0,1.347373695090447,98,0,0.2620676948023513
138,5,0,1.3026991079671124,98,0,0.3589854115293473
138,5,0,1.3059154376914914,98,0,0.36989540526124837
138,5,0,1.2738490140595848,98,0,0.4164719721134305
138,5,0,1.1990398455496116,98,0,0.5182236783176213
138,5,0,1.16968497092874,5,0,0.5815300733889844
138,5,0,1.1848132007853782,5,0,0.5772350207688958
138,5,0,1.168020600500176,5,0,0.5951820949213318
138,5,0,1.1495914652235901,5,0,0.6305085430036783
138,5,0,1.1655494112755063,5,0,0.6117252074065543
138,5,0,1.1406159049153928,5,0,0.6429670325558744
138,5,0,1.164875321908668,5,0,0.6160494031528775
138,5,0,1.1034369135114535,5,0,0.6903726735276934
138,5,0,1.1271319159056288,5,0,0.6677007981649339
138,5,0,1.1135348238087448,5,0,0.6844847774632666
142,6,0,0.3201127046522465,98,0,-0.036834784899733915
142,98,0,0.7198694092557568,98,0,0.26368789509057255
142,5,0,1.2325723003254945,98,0,0.3610180601929054
142,5,0,1.2993401727374496,98,0,0.31976579622551055
142,5,0,1.2678707170125323,98,0,0.35775037309865654
142,5,0,1.2483100476252067,98,0,0.3960275627122372
142,5,0,1.2218647153227724,98,0,0.45571783310913666
142,5,0,1.2148969864307217,98,0,0.4672270894068405
142,5,0,1.1606882116548254,5,0,0.5515332589080483
142,5,0,1.1225792650292872,5,0,0.6238772159159668
142,5,0,1.0730978910607774,5,0,0.713132688562532
142,5,0,0.9010591787759861,5,0,0.8939218541468699
142,5,0,0.7759655760717283,5,0,1.0454425794605091
142,5,0,0.5863768722644191,5,0,1.2378618707707822
142,98,0,0.42926787756308576,5,0,1.3739081727277784
142,98,0,0.3215678217886504,5,0,1.4456947815116792
142,98,0,0.22823075724192562,5,0,1.495490313552089
142,98,0,0.19327945002915192,5,0,1.5062715824329778
142,98,0,0.1628253429856584,5,0,1.5103111685464083
142,98,0,0.15071060586540255,5,0,1.5044038343543484
142,98,0,0.14752283498504612,5,0,1.5003704931965396
147,5,0,1.254651054572333,98,0,-0.03980502081946279
147,98,0,0.4388209052460104,5,0,1.2162726653606741
147,5,0,0.8523867938241078,5,0,1.0418998892754614
147,5,0,0.5614140207484982,5,0,1.2960742527285143
147,5,0,0.7256002775734992,5,0,1.170950490675524
147,5,0,0.5609839711071778,5,0,1.3017796104279458
147,5,0,0.575455379003771,5,0,1.284696900020495
147,5,0,0.5746395018959048,5,0,1.2934050686784386
147,5,0,0.545976392930793,5,0,1.3113043492290675
147,5,0,0.5157934690956272,5,0,1.3324043101879506
147,5,0,0.5083839587904274,5,0,1.328108568372309
147,5,0,0.5543608040392085,5,0,1.2997072415961994
147,5,0,0.4838967629993431,5,0,1.3380913268465473
147,5,0,0.4574577526436582,5,0,1.3544157533632888
147,5,0,0.4715216937733892,5,0,1.3433326449606866
147,5,0,0.5051744857048116,5,0,1.3169136696379928
147,5,0,0.46476067052331604,5,0,1.3489892244932353
147,5,0,0.5052857016436479,5,0,1.3233571698397324
147,5,0,0.4570219472000733,5,0,1.3563033615260123
147,5,0,0.4603478573347762,5,0,1.3559183121902048
147,5,0,0.5061788260212489,5,0,1.3091794327527209
148,1,0,0.156398596601522,1,0,0.13592566741786155
148,1,0,0.1661584242838383,1,0,0.07623379358641062
148,1,0,0.26024044061544394,1,0,0.08679879571586106
148,1,0,0.260827972781016,98,0,0.0741910179677904
148,1,0,0.4730940971756078,98,0,0.0006544713491499843
148,1,0,0.6065767187753398,98,0,-0.03463200339113172
148,1,0,0.7738283963669886,98,0,-0.044906361910298426
148,3,0,1.011689551226212,98,0,0.011829735042817932
148,5,0,1.3316767101936566,98,0,0.21274779208469394
148,5,0,1.4265234933671191,98,0,0.1951107434093133
148,5,0,1.4153459140844107,98,0,0.20608307417570804
148,5,0,1.410455809642522,98,0,0.23646889031796905
148,5,0,1.4008714867505638,98,0,0.28020974097016454
148,5,0,1.4071208411960585,98,0,0.2614273899381161
148,5,0,1.3376506038947145,98,0,0.40587833320549876
148,5,0,1.3535100722587075,98,0,0.3957489589263052
148,5,0,1.3898930645166991,98,0,0.2981436782114506
148,5,0,1.3921795333768934,98,0,0.28537848257302495
148,5,0,1.3660253251496481,98,0,0.33927273089225596
148,5,0,1.3687288537804785,98,0,0.35132262593812497
148,5,0,1.3206765857545326,98,0,0.42745769296485187
149,6,0,0.21018030972087984,98,0,0.10459613158553098
149,98,0,0.45449430078925784,5,0,0.5795554015431571
149,5,0,1.1849446721157901,98,0,0.5495415400211997
149,5,0,1.3280734521662336,98,0,0.29653709305170184
149,5,0,1.2678498954764719,98,0,0.36261007378953697
149,5,0,1.3294742823370176,98,0,0.2818014732624889
149,5,0,1.328130695664164,98,0,0.27071532677336785
149,5,0,1.3453834456058074,98,0,0.23386716304077956
149,5,0,1.3417448350005414,98,0,0.23955710526417198
149,5,0,1.3200626964179356,98,0,0.2694838890378103
149,5,0,1.3338056650771277,98,0,0.2548215208902136
149,5,0,1.3320519381773437,98,0,0.25805663294567915
149,5,0,1.31161833689905,98,0,0.30407154761794214
149,5,0,1.3261185552594368,98,0,0.2812702582086176
149,5,0,1.2736285951400812,98,0,0.38942023088193684
149,5,0,1.2945308382420915,98,0,0.37864706356509775
149,5,0,1.275229463028908,98,0,0.420241646744024
149,5,0,1.2304687904913783,98,0,0.49711901957680654
149,5,0,1.220038364666548,98,0,0.5247003442971893
149,5,0,1.2661754917095345,98,0,0.45716410294416543
149,5,0,1.2471626614688862,98,0,0.4845612296041399
149,5,0,1.2059179663506712,98,0,0.5386065102059505
149,5,0,1.2113256212092884,98,0,0.5493403793110624
149,5,0,1.1778395902811776,98,0,0.5840969892581478
149,5,0,0.9874091554345193,5,0,0.7652983781743766
152,98,0,0.0276630021513239,5,0,0.6480085753835896
152,98,0,-0.019228606775374663,5,0,1.3564608919380903
152,98,0,0.04250051681490098,5,0,1.4018644198289065
152,98,0,0.04901054934327905,5,0,1.3865043044775276
152,98,0,0.04406345302323107,5,0,1.4057374737924262
152,98,0,0.05128770827194159,5,0,1.410663280995518
152,98,0,0.05454756821672474,5,0,1.4023448875857443
152,98,0,0.06104074222043757,5,0,1.4091469382575452
152,98,0,0.03562928410507594,5,0,1.4123531884910836
152,98,0,0.04605250731395785,5,0,1.402257458207041
152,98,0,0.047492401454208834,5,0,1.4120758224441037
152,98,0,0.05509094111246471,5,0,1.426576553136736
152,98,0,0.04602105484256749,5,0,1.4223938393917606
152,98,0,0.03860582018757467,5,0,1.4514077344274072
152,98,0,0.04617328480409686,5,0,1.4330602235935554
152,98,0,0.04078585388458376,5,0,1.448464672503762
152,98,0,-0.0017469457469522483,5,0,1.4632204899422376
152,98,0,0.02079680183692132,5,0,1.4599224219828024
152,98,0,0.03444340012377356,5,0,1.4670103903525247
152,98,0,0.04474358126457636,5,0,1.4727638510885015
152,98,0,0.055531401521815404,5,0,1.488246446335271
152,98,0,0.09834400233884011,5,0,1.4780869724951982
152,98,0,0.1677895494501427,5,0,1.4576571909179836
152,98,0,0.2561455804601893,5,0,1.4112049043087587
152,5,0,0.4228185483044911,5,0,1.295718571562387
152,5,0,0.6548651005040131,5,0,1.1383917112812325
152,5,0,0.7846337199245564,5,0,1.0389028169248178
152,5,0,0.8786692809559185,5,0,0.9628213805642742
152,5,0,0.9444040183138785,5,0,0.9045801930454764
153,5,0,1.2856586622073543,98,0,0.04270547076664124
153,98,0,0.36368066802218224,5,0,1.2934844527539535
153,5,0,0.7566995534363876,5,0,1.1004254191880598
153,5,0,0.53995261561011,5,0,1.2927969450269565
153,5,0,0.6920829514363551,5,0,1.1668776543929726
153,5,0,0.5620261487466975,5,0,1.2740014852141885
153,5,0,0.6264200357968149,5,0,1.209666458747603
153,5,0,0.572104243987013,5,0,1.258622916300252
153,5,0,0.6458048072378899,5,0,1.1956312304226606
153,5,0,0.5752374448295071,5,0,1.257512720721133
153,5,0,0.6488346867118667,5,0,1.188594740741171
153,5,0,0.6379706885689203,5,0,1.201106424937874
153,5,0,0.6118098438702118,5,0,1.2294088451195433
153,5,0,0.6380842319906395,5,0,1.198874444042176
153,5,0,0.6029055863146562,5,0,1.2376842552311644
153,5,0,0.6798144903621789,5,0,1.1646044342858268
153,5,0,0.6776479812278676,5,0,1.1700761968884914
153,5,0,0.7148948156125958,5,0,1.1417098643682078
153,5,0,0.7218330263602467,5,0,1.1369296040137038
153,5,0,0.6840016320684928,5,0,1.173514073088646
153,5,0,0.6645466429850388,5,0,1.1998960850253626
153,5,0,0.6372847730728392,5,0,1.210194579454094
153,5,0,0.6123364525987006,5,0,1.2118373966086209
153,5,0,0.6475481862745865,5,0,1.187887035364911
153,5,0,0.6293476003813588,5,0,1.2071968882339745
153,5,0,0.7475606918967314,5,0,1.1061113106294274
153,5,0,0.8427768922097915,5,0,0.9989502351179271
153,5,0,0.9077895830451608,5,0,0.9379851357960719
153,5,0,0.9640819739670189,5,0,0.8788889519657213
153,5,0,1.0063849346638698,5,0,0.8312649625905901
153,5,0,1.0382477035435236,5,0,0.7925479958882201
156,98,0,0.09121926270960871,2,0,0.3702380339075178
156,98,0,-0.0739031926525622,3,0,0.6173101106016077
156,98,0,-0.03726685073752101,3,0,1.1087250777309685
156,98,0,0.06897141997657572,3,0,1.2343976082266046
156,98,0,0.09279238951866929,3,0,1.2389877068693862
156,98,0,0.06893292215159391,3,0,1.2432216742591484
156,98,0,0.07433784064520006,3,0,1.2478319142903314
156,98,0,0.07381862324748789,3,0,1.2402218451262936
156,98,0,0.08677112839569752,3,0,1.2350860723882466
156,98,0,0.07459914777751123,3,0,1.2439796205846891
156,98,0,0.07553404103711847,3,0,1.234810225384526
156,98,0,0.0797120615267292,3,0,1.2437398367931618
156,98,0,0.08782818305418495,3,0,1.2601195114758537
156,98,0,0.10818623549619917,98,0,1.247558824068822
156,98,0,0.09625178394195293,5,0,1.3363348064910172
156,98,0,0.08437545655483608,5,0,1.37760321732565
156,98,0,0.05080220792355989,5,0,1.4041869807115495
156,98,0,0.09644603440525983,5,0,1.39811857167314
156,98,0,0.19157541803416464,5,0,1.3546198677686527
156,98,0,0.2778557117423326,5,0,1.3244750168960093
156,98,0,0.3748138678677589,5,0,1.294760730396092
156,98,0,0.3573654835540675,5,0,1.3659633514380753
156,98,0,0.37781301827718733,5,0,1.356845716230452
156,98,0,0.3595090009317924,5,0,1.3811986239378824
156,98,0,0.40147433507450336,5,0,1.3610361939743085
156,5,0,0.6292304556516655,5,0,1.1617062685296238
158,98,0,0.07582264891459649,3,0,1.0258259361139237
158,98,0,0.18659391271041562,3,0,0.975385471753424
158,98,0,0.24188427507248375,3,0,1.0263835937726795
158,98,0,0.1741751560017005,3,0,1.1634841680125072
158,98,0,0.11187057799486672,3,0,1.2522508111317008
158,98,0,0.11919560696191196,3,0,1.272628382629484
158,98,0,0.072125096377945,3,0,1.2894952201115264
158,98,0,0.0796416079908148,3,0,1.286841957885243
158,98,0,0.10312175855292235,3,0,1.259908758288838
158,98,0,0.08371382236666833,3,0,1.255467750928916
158,98,0,0.08501834507005517,3,0,1.2108800617900788
158,98,0,0.08142106301219616,3,0,1.2320816298647523
158,98,0,0.07395563021286432,3,0,1.218190148040831
158,98,0,0.05478283270272468,3,0,1.1852545333965048
158,98,0,0.052727099172650324,3,0,1.225078502874106
158,98,0,0.05274584484559898,3,0,1.2129314453205018
158,98,0,0.05286863529390697,3,0,1.2443941506118998
158,98,0,0.07711169700205926,3,0,1.2356617335226685
158,98,0,0.08319095648227487,3,0,1.283424841942966
158,98,0,0.0872866973067284,3,0,1.3041630455626845
158,98,0,0.12404545224042092,98,0,1.2936116585617066
160,1,0,0.14454743119151744,98,0,-0.008678755479574161
160,1,0,0.2646154793858439,98,0,0.19144394176389282
160,1,0,0.19872613740476447,98,0,0.5260828143153264
160,1,0,0.14549981202521775,5,0,0.7391165353501141
160,98,0,0.13095681830374006,5,0,1.0847090038010776
160,98,0,0.048659413952677,5,0,1.468753126796998
160,98,0,0.0340455892656282,5,0,1.4679788085607737
160,98,0,0.031910972937306804,5,0,1.4736244172253385
160,98,0,0.07648264757425194,5,0,1.482647928011745
160,98,0,0.08794908635420952,5,0,1.4859792461403012
160,98,0,0.0898366120672882,5,0,1.4896072277913168
160,98,0,0.10614371200410877,5,0,1.4801535464582145
160,98,0,0.11693505493814353,5,0,1.470171631896898
160,98,0,0.1289500248191491,5,0,1.461551567747995
160,98,0,0.14702425040856604,5,0,1.4628259887817054
160,98,0,0.1627277145144627,5,0,1.4597233147941082
160,98,0,0.17696297725585702,5,0,1.4571699718577713
160,98,0,0.2156243550888956,5,0,1.42861831605985
160,98,0,0.25432794213854004,5,0,1.4076709345572367
160,98,0,0.2881043108300552,5,0,1.3866021421156003
160,5,0,0.38733663789936196,5,0,1.3187837806728036
160,5,0,0.4375499423295971,5,0,1.3089546143503412
160,5,0,0.5081196951258056,5,0,1.2592663155118673
160,5,0,0.5806297194296144,5,0,1.2220715848727077
160,5,0,0.6715324255956675,5,0,1.1560657796034515
160,5,0,0.7762704763293866,5,0,1.0503163453667537
160,5,0,0.8551841923558026,5,0,0.9812787688605505
160,5,0,0.9322556113229993,5,0,0.911793679397108
161,98,0,0.06196280287171756,98,0,0.10999104185144606
161,98,0,0.19663712715995912,5,0,0.6288591151979305
161,5,0,0.7350075309146473,5,0,0.9596781987564283
161,5,0,1.0773242225464437,5,0,0.7719862685256749
161,5,0,1.2177711447188448,98,0,0.578922326199619
161,5,0,1.261213046583448,98,0,0.5191134438415542
161,5,0,1.292384207069699,98,0,0.46212597335945066
161,5,0,1.2849088981943506,98,0,0.4562487949891314
161,5,0,1.314276070731536,98,0,0.40312346386342496
161,5,0,1.2884129551270085,98,0,0.4489910313395336
161,5,0,1.2937968633697259,98,0,0.42145938495981694
161,5,0,1.308852972709466,98,0,0.41258074589166044
161,5,0,1.2961432177354473,98,0,0.43156299176446344
161,5,0,1.2480754750935774,98,0,0.4853024664538279
161,5,0,1.2712866441203545,98,0,0.49747326609096676
161,5,0,1.2869861452148559,98,0,0.46831044855504483
161,5,0,1.3126036170178246,98,0,0.40942378017275777
161,5,0,1.2630742780304443,98,0,0.49668541711756214
161,5,0,1.3228384399230781,98,0,0.4009851010411903
161,5,0,1.2979877164676639,98,0,0.43221173575791716
161,5,0,1.252734592585575,98,0,0.51552723588017
161,5,0,1.314592734213494,98,0,0.41722772426537424
162,8,0,0.0678826612269268,3,0,0.5025039998006746
162,8,0,0.2573630427227676,98,0,0.12720680919624125
162,3,0,0.2894355052291811,98,0,0.04469502361032371
162,98,0,0.40335176454426575,5,0,0.6543537737951493
162,5,0,0.8330761086793927,98,0,0.8532586976597849
162,5,0,1.1069599048318886,98,0,0.7359138858117088
162,5,0,1.3610370260920788,98,0,0.423839050616838
162,5,0,1.239805739695851,98,0,0.5824513731257636
162,5,0,1.3044400022585694,98,0,0.5262037892326731
162,5,0,1.2438005809920842,98,0,0.5951518406430837
162,5,0,1.1931005810195545,98,0,0.6567928087262223
162,5,0,1.2548955660849217,98,0,0.5696979078769516
162,5,0,1.1946264976690582,98,0,0.6520184557621712
162,5,0,1.1657111398833957,98,0,0.7069106627582195
162,5,0,0.9557535010789711,5,0,0.9006254201806914
162,5,0,0.8936988601360408,5,0,1.0069247621424793
162,5,0,0.8997246032361857,5,0,0.9904656049277651
162,5,0,0.7396777118134568,5,0,1.1272166726310104
162,5,0,0.7615809927224082,5,0,1.0868503484489693
162,5,0,0.7683563111207283,5,0,1.0745772665657027
162,5,0,0.7577288984675802,5,0,1.0870128298168555
162,5,0,0.7054908726440615,5,0,1.1287231697182283
162,5,0,0.7068551707693258,5,0,1.1186509564742744
163,3,0,0.8494702376045504,98,0,0.3445640649122298
163,5,0,1.2908356760932658,98,0,0.1278541466681585
163,5,0,1.4442392865925713,98,0,0.059585979638017754
163,5,0,1.4602728758381813,98,0,0.029070707253545564
163,5,0,1.4729640738540797,98,0,0.032420760248966556
163,5,0,1.4747449127842023,98,0,0.024473632263943595
163,5,0,1.4745012190358697,98,0,0.030653775373205582
163,5,0,1.481532230300358,98,0,0.020848126090832097
163,5,0,1.4763340174487292,98,0,0.031232305811561684
163,5,0,1.4773296768830626,98,0,0.04050043882358078
163,5,0,1.484228965197368,98,0,0.04525211866046492
163,5,0,1.4790020676918312,98,0,0.058218390617735725
163,5,0,1.4740886884211137,98,0,0.06352176446206127
163,5,0,1.45565779180613,98,0,0.10447770247216527
163,5,0,1.4460395002450703,98,0,0.12097816922440384
163,5,0,1.4282140007994084,98,0,0.15637148334059123
163,5,0,1.3990920317291826,98,0,0.21651648215021196
163,5,0,1.378876899317166,98,0,0.2588949197813794
163,5,0,1.3773883167512029,98,0,0.2726132869345993
163,5,0,1.3613066995817797,98,0,0.3011167834351138
163,5,0,1.3020564710716644,98,0,0.38973821727088837
163,5,0,1.3097811351401958,98,0,0.4012575723932236
168,98,0,0.20250955518831168,5,0,1.1639907408090606
168,5,0,0.9377132756111272,5,0,0.8239523024054263
168,5,0,0.5276394763003237,5,0,1.303756785882108
168,5,0,0.7270339362612971,5,0,1.1618732507664262
168,5,0,0.4545163804241739,5,0,1.3725127345810755
168,5,0,0.5082416992623288,5,0,1.3454508663945197
168,5,0,0.41314647301735397,5,0,1.3993605301897898
168,5,0,0.4195600093635064,5,0,1.39011709569595
168,5,0,0.3388971270456579,5,0,1.4325133680201991
168,5,0,0.35007398292152436,5,0,1.4241734267004877
168,5,0,0.3059792535607428,5,0,1.4501619501721783
168,5,0,0.31515733633222287,5,0,1.4421673942809476
168,5,0,0.29175141360259654,5,0,1.44569056194707
168,5,0,0.2795674810452819,5,0,1.4521202219768912
168,5,0,0.2527132980672442,5,0,1.4579653879170418
168,5,0,0.25657886970606303,5,0,1.4566707129732073
168,5,0,0.27680960254388903,5,0,1.4451129879433586
168,5,0,0.27311091771826745,5,0,1.4447337897371426
168,5,0,0.28751715609413986,5,0,1.4292369604924247
168,5,0,0.2999230801945277,5,0,1.4359565327413306
168,5,0,0.26815778252371253,5,0,1.4381712415525614
168,5,0,0.3044682139302068,5,0,1.4257118236961512
174,98,0,0.037514042000672265,98,0,0.1589642088799477
174,98,0,0.5164503225081436,5,0,0.49768207827826216
174,98,0,0.6544246872733696,5,0,1.096472587322995
174,5,0,0.6204203038905098,5,0,1.2146758695908189
174,98,0,0.4327358270585876,5,0,1.3497799146401435
174,98,0,0.2972866711376444,5,0,1.4300397467245458
174,98,0,0.20410419548780326,5,0,1.480714242203489
174,98,0,0.14537702157690977,5,0,1.4879298664678557
174,98,0,0.11260241409917776,5,0,1.482615352972962
174,98,0,0.09314641853663926,5,0,1.4879766755045876
174,98,0,0.0881842250303239,5,0,1.4876021469498724
174,98,0,0.07407628189311777,5,0,1.4930862306811958
174,98,0,0.06207313814135496,5,0,1.4858924918919354
174,98,0,0.07157757175598149,5,0,1.485201608513251
174,98,0,0.06825832954521333,5,0,1.4936865340729355
174,98,0,0.11319611094914232,5,0,1.4898372784538119
174,98,0,0.12504677311960463,5,0,1.4966486121677531
174,98,0,0.13225303755467985,5,0,1.4903584228134825
174,98,0,0.16154648549892608,5,0,1.4850116155841127
174,98,0,0.12783472018364672,5,0,1.502671168604076
174,98,0,0.1328581831042305,5,0,1.4761226245174481
174,98,0,0.15938154898818438,5,0,1.4698295095983818
175,0,0,0.11644779325136398,0,0,0.12123893831725423
175,1,0,0.08926669328569477,98,0,0.06809689771569524
175,1,0,0.36331647985595317,98,0,0.017740838712595443
175,1,0,0.7273097665722728,98,0,-0.06272563951593634
175,5,0,1.278836809877612,98,0,0.12652222703403984
175,5,0,1.3911643734102979,98,0,0.2207227691961378
175,5,0,1.366767540569518,98,0,0.2720957432700619
175,5,0,1.3613282759771537,98,0,0.2868998325276673
175,5,0,1.3318602039117482,98,0,0.35405847910902655
175,5,0,1.3350537620468403,98,0,0.35856255489464106
175,5,0,1.34570451243376,98,0,0.3459542707988173
175,5,0,1.311039925950181,98,0,0.39681819659828393
175,5,0,1.3357411243566055,98,0,0.37195798470310126
175,5,0,1.3017647808519903,98,0,0.4124577033876553
175,5,0,1.3323501076061244,98,0,0.38091178828216343
175,5,0,1.2453637688201855,98,0,0.5013293292743265
175,5,0,1.261804290140644,98,0,0.4888564088111669
175,5,0,1.2686039370255846,98,0,0.4892248611928448
175,5,0,1.2033706935977082,98,0,0.5636158133839927
175,5,0,1.0560862557648125,5,0,0.7372035887019122
175,5,0,1.0277501266922748,5,0,0.8098747799778842
175,5,0,0.9722261196464834,5,0,0.8915510495755281
175,5,0,0.9314689221085835,5,0,0.9443786200919766
178,5,0,1.322964438523468,98,0,-0.047921887823499695
178,5,0,1.459229282837449,98,0,0.08254620598095659
178,5,0,1.4425141814417526,98,0,0.15340344159445915
178,5,0,1.4379053879039794,98,0,0.16387460060700032
178,5,0,1.4227705844808205,98,0,0.19896635650578146
178,5,0,1.43817889859519,98,0,0.16524297727934276
178,5,0,1.3969362793400868,98,0,0.23608659776437285
178,5,0,1.4062703663696632,98,0,0.23320311609300975
178,5,0,1.3957625989176838,98,0,0.23429632089196895
178,5,0,1.3519051155485997,98,0,0.30905727263848487
178,5,0,1.3555559297127653,98,0,0.3229183173363582
178,5,0,1.3115261811578762,98,0,0.38406234026286007
178,5,0,1.3200728241137232,98,0,0.39526820986516026
178,5,0,1.3047701273982826,98,0,0.41480620052742956
178,5,0,1.2679008484801244,98,0,0.46640781874231246
178,5,0,1.293016464649588,98,0,0.44839995472907274
178,5,0,1.2190628348139043,98,0,0.5269251519330517
178,5,0,1.234487032426326,98,0,0.5257299039966259
178,5,0,1.2230259091140332,98,0,0.5404250581612363
178,5,0,1.219879089351427,98,0,0.5461502196839004
178,5,0,1.2091520667213858,98,0,0.5599035810929462
181,98,0,0.08271413701599692,7,0,0.6327241519886926
181,98,0,0.005345460741689848,5,0,1.129060172278352
181,98,0,0.08954913647878025,5,0,1.470094216951534
181,98,0,0.13723473159325722,5,0,1.4521805898812339
181,98,0,0.0993045608151019,5,0,1.490873378478393
181,98,0,0.13281201087622946,5,0,1.4785772296419293
181,98,0,0.12599915395330494,5,0,1.4887035658346042
181,98,0,0.17172966344615673,5,0,1.4593185178959294
181,98,0,0.14420032171725336,5,0,1.4613213483029157
181,98,0,0.15853107416178885,5,0,1.4615276568818762
181,98,0,0.19410482578337793,5,0,1.4491826736176685
181,98,0,0.21098241064627696,5,0,1.4460775804130286
181,98,0,0.21037688766706963,5,0,1.4488048256721273
181,98,0,0.20468543715909723,5,0,1.4561674033066183
181,98,0,0.2338370973623157,5,0,1.446288671165213
181,98,0,0.27934630726646487,5,0,1.424187885741882
181,98,0,0.31205360645542146,5,0,1.4115322862615733
181,98,0,0.3713113206537277,5,0,1.3676826271033211
181,98,0,0.49607604059089194,5,0,1.2934257726754546
181,5,0,0.5597851287076626,5,0,1.2588020508831292
181,5,0,0.6200072700362116,5,0,1.2095759912823811
181,5,0,0.6542239104222491,5,0,1.1850087296928018
181,5,0,0.6933864519344217,5,0,1.148760475525923
181,5,0,0.7734763645809519,5,0,1.070655884522192
181,5,0,0.8882224816274358,5,0,0.9689068085132744
188,98,0,-0.0011430582962572106,5,0,0.7452092772111035
188,98,0,0.07840363871688996,5,0,1.086930914002575
188,98,0,0.0209013498518229,5,0,1.3377249561167432
188,98,0,0.08063953200308834,5,0,1.2737200683851837
188,98,0,0.040319099209150715,5,0,1.2960131534329726
188,98,0,0.01940748327066605,5,0,1.312206885968551
188,98,0,0.024299223241066977,5,0,1.3230524610140846
188,98,0,0.014020429780809628,5,0,1.3700708444112837
188,98,0,0.010155550096361385,5,0,1.3602979952111394
188,98,0,0.013406100109612988,5,0,1.3807633336527942
188,98,0,0.01675780127085601,5,0,1.4183692749283388
188,98,0,0.027335644829092964,5,0,1.4018195236614643
188,98,0,0.020363260971276508,5,0,1.3981372502791434
188,98,0,0.03416196340977256,5,0,1.401116094110675
188,98,0,0.06434463562516723,5,0,1.4381560511199682
188,98,0,0.05574867519418006,5,0,1.4406707428444847
188,98,0,0.03674773398771738,5,0,1.4587217589384616
188,98,0,0.06317057777310764,5,0,1.4454052631186247
188,98,0,0.05581623510272656,5,0,1.4472489878094121
188,98,0,0.0870470294747338,5,0,1.4428783065263107
188,98,0,0.05970212503806357,5,0,1.4653320163335577
188,98,0,0.09723284942956124,5,0,1.4437499560528546
188,98,0,0.19026517098098475,5,0,1.4068773188455328
188,98,0,0.26552042989268754,5,0,1.4032532754548193
188,5,0,0.5310721361229256,5,0,1.2382706621901243
197,0,0,0.1446439273737431,0,0,0.07799188924606149
197,1,0,0.06915585726880882,1,0,0.009913771405920428
197,1,0,0.14754208389753704,1,0,0.0768913142742515
197,1,0,0.18738456493622666,1,0,0.1415681254741848
197,1,0,0.2163481393605307,1,0,0.13443520467615877
197,1,0,0.2482223254872993,1,0,0.17685189969311657
197,1,0,0.27609839926081003,1,0,0.15400413881222907
197,1,0,0.29357716666186456,1,0,0.14488374682239447
197,1,0,0.28997346829984194,1,0,0.2119092239446864
197,1,0,0.2849079848774806,1,0,0.19759797983343902
197,1,0,0.26912651864253584,1,0,0.21048008554197106
197,1,0,0.2678093520456501,1,0,0.2355518945370913
197,1,0,0.24908343124902477,1,0,0.22935065360478316
197,1,0,0.25991541077609587,1,0,0.256932372151196
197,1,0,0.2501199159912229,1,0,0.2297477427649424
197,1,0,0.23613608430612315,1,0,0.26177558840966975
197,98,0,0.21860340736910555,1,0,0.3503709734665901
197,98,0,0.2732603798623145,1,0,0.5459957414235566
197,98,0,0.3003184377599046,98,0,0.7190442493518088
197,5,0,0.4430689074844647,5,0,1.0899232604408562
197,5,0,0.3573502605579146,5,0,1.3034240591474548
206,5,0,0.8012690893052783,98,0,0.2402420812524036
206,5,0,1.4495963973296642,98,0,0.034594848718226
206,5,0,1.4654860600661919,98,0,0.046743762880258305
206,5,0,1.4605448768107652,98,0,0.032947418173059864
206,5,0,1.4565461354080795,98,0,0.05378424708291147
206,5,0,1.426829337198919,98,0,0.16520607015422736
206,5,0,1.4445682794433146,98,0,0.1387093985818625
206,5,0,1.4492018575285435,98,0,0.12161594234987352
206,5,0,1.443449577940902,98,0,0.12360335728082064
206,5,0,1.4307790127462356,98,0,0.1460731576944441
206,5,0,1.4440323293308228,98,0,0.13490025695695732
206,5,0,1.435724850967428,98,0,0.14779682170688366
206,5,0,1.427185127555287,98,0,0.16609229124388847
206,5,0,1.4285436226995796,98,0,0.17897321547432993
206,5,0,1.4195127374942063,98,0,0.191012758521691
206,5,0,1.417903125818333,98,0,0.188451032716997
206,5,0,1.4227678166633382,98,0,0.20263546484652165
206,5,0,1.4002406759843586,98,0,0.2286159430150241
206,5,0,1.4286162150035484,98,0,0.191184973018609
206,5,0,1.3969718835377007,98,0,0.2504488142160997
206,5,0,1.3738155676210284,98,0,0.2778058831427172
207,6,0,0.10863915108422045,5,0,0.4165631709698513
207,98,0,0.2543185693020657,5,0,1.0098032928580343
207,5,0,0.6876538301413994,5,0,1.0878206795265077
207,5,0,0.6856791339038624,5,0,1.1440469405531064
207,5,0,0.6062008145635178,5,0,1.2108568823151589
207,98,0,0.43509441643567975,5,0,1.34158591399505
207,98,0,0.3714419427674119,5,0,1.382661800161779
207,98,0,0.30624502694399136,5,0,1.4055961465084477
207,98,0,0.18610249929741252,5,0,1.4784788856561035
207,98,0,0.17708526446462278,5,0,1.4568560362508445
207,98,0,0.15960926488105062,5,0,1.4682998892971053
207,98,0,0.15464266802874063,5,0,1.4580361640807538
207,98,0,0.14112842174149906,5,0,1.4757393192683457
207,98,0,0.2288922656202078,5,0,1.4128528974625394
207,98,0,0.1689303934924141,5,0,1.4649577128222881
207,98,0,0.16102060017727915,5,0,1.464759955894269
207,98,0,0.1820488418796793,5,0,1.439797405492097
207,98,0,0.1283265110263065,5,0,1.480833233925469
207,98,0,0.13439595733544832,5,0,1.4680900925447344
207,98,0,0.12420095325897489,5,0,1.4652324908696412
207,98,0,0.10812584675112967,5,0,1.4659668638942316
207,98,0,0.17030348258343195,5,0,1.425617868057519
209,5,0,0.9646330841707209,98,0,0.0812954707699195
209,98,0,0.3557611244409163,5,0,1.1193594495025947
209,5,0,0.9895618883863616,5,0,0.8640429202359001
209,5,0,0.7696261417481717,5,0,1.0686788778506144
209,5,0,0.7980077825468112,5,0,1.0627479703576044
209,5,0,0.6146061572916437,5,0,1.215860779593952
209,5,0,0.591370408158475,5,0,1.2239911492047384
209,5,0,0.47823154385251027,5,0,1.3060441837263406
209,5,0,0.5241584740291949,5,0,1.2464880673535839
209,5,0,0.42631445904705895,5,0,1.3363734014419764
209,5,0,0.5044256967184212,5,0,1.2787537839205487
209,5,0,0.35361012137500053,5,0,1.3946528463465646
209,5,0,0.3364364114939612,5,0,1.3796243887734712
209,98,0,0.24245268413545046,5,0,1.4381552634679078
209,5,0,0.32040735140423143,5,0,1.3677791707415803
209,98,0,0.27564498043324653,5,0,1.4007382461651339
209,5,0,0.3088314894763068,5,0,1.3521798342072888
209,98,0,0.27399945003504533,5,0,1.389907636508748
209,98,0,0.25533372926866116,5,0,1.4004351689044683
209,98,0,0.2313475713468254,5,0,1.4136906779504865
209,98,0,0.20232851476298871,5,0,1.4430599165870919
209,98,0,0.18935286059583578,5,0,1.4560537001056149
209,98,0,0.29164787206677945,5,0,1.3813417515694275
209,5,0,0.33392512036826877,5,0,1.3847876168119087
214,3,0,-0.0015087876335843928,98,0,0.09711467475078259
214,98,0,0.05381711602115487,5,0,0.55000588904123
214,98,0,0.5049418003214657,5,0,0.9568260262544658
214,5,0,0.8521420935966907,5,0,1.0546121434432565
214,5,0,0.6924595161500763,5,0,1.201318697168149
214,5,0,0.561849008427827,5,0,1.2986845879175066
214,98,0,0.2894126078300089,5,0,1.4519897530391737
214,98,0,0.17875375516693895,5,0,1.4911234017467052
214,98,0,0.08418510619798159,5,0,1.5123484868614674
214,98,0,0.05201086349414889,5,0,1.4945831071611047
214,98,0,0.031560718215903685,5,0,1.5052978194428905
214,98,0,0.03370263151758765,5,0,1.499272675006941
214,98,0,0.04438401661164169,5,0,1.5002345669552608
214,98,0,0.059492022529175924,5,0,1.4897505804663076
214,98,0,0.10026499348147813,5,0,1.4845105000911205
214,98,0,0.1023141848975033,5,0,1.4802072755809053
214,98,0,0.1088998291671038,5,0,1.4784957639145404
214,98,0,0.10918504017767165,5,0,1.4752094544751495
214,98,0,0.10418132940912102,5,0,1.4870444892911165
214,98,0,0.12709357414780412,5,0,1.4801159079419002
214,98,0,0.14475124320612703,5,0,1.4546504416991695
214,98,0,0.17314452141918096,5,0,1.4542166141964792
